airport_code,city,country_code,country_name,timezone
BIN,Bamyan,AF,Afghanistan,Asia/Kabul
OAZ,Camp Bastion,AF,Afghanistan,Asia/Kabul
CCN,Chaghcharan,AF,Afghanistan,Asia/Kabul
FBD,Faizabad,AF,Afghanistan,Asia/Kabul
HEA,Herat,AF,Afghanistan,Asia/Kabul
JAA,Jalalabad,AF,Afghanistan,Asia/Kabul
KBL,Kabul,AF,Afghanistan,Asia/Kabul
OAI,Kabul,AF,Afghanistan,Asia/Kabul
KDH,Kandahar,AF,Afghanistan,Asia/Kabul
KHT,Khost,AF,Afghanistan,Asia/Kabul
UND,Kunduz,AF,Afghanistan,Asia/Kabul
BST,Lashkar Gah,AF,Afghanistan,Asia/Kabul
MMZ,Maimama,AF,Afghanistan,Asia/Kabul
MZR,Mazar-i-sharif,AF,Afghanistan,Asia/Kabul
OAA,Shank,AF,Afghanistan,Asia/Kabul
OAS,Sharona,AF,Afghanistan,Asia/Kabul
OAH,Shindand,AF,Afghanistan,Asia/Kabul
TII,Tarin Kowt,AF,Afghanistan,Asia/Kabul
ZAJ,Zaranj,AF,Afghanistan,Asia/Kabul
TIA,Tirana,AL,Albania,Europe/Tirane
AZR,Adrar,DZ,Algeria,Africa/Algiers
ALG,Algier,DZ,Algeria,Africa/Algiers
AAE,Annaba,DZ,Algeria,Africa/Algiers
BLJ,Batna,DZ,Algeria,Africa/Algiers
BJA,Bejaja,DZ,Algeria,Africa/Algiers
BSK,Biskra,DZ,Algeria,Africa/Algiers
QLD,Blida,DZ,Algeria,Africa/Algiers
BMW,Bordj Badji Mokhtar,DZ,Algeria,Africa/Algiers
BUJ,Bou Saada,DZ,Algeria,Africa/Algiers
CBH,Béchar,DZ,Algeria,Africa/Algiers
CZL,Constantine,DZ,Algeria,Africa/Algiers
DJG,Djanet,DZ,Algeria,Africa/Algiers
QDJ,Djelfa,DZ,Algeria,Africa/Algiers
CFK,Ech-cheliff,DZ,Algeria,Africa/Algiers
ELG,El Golea,DZ,Algeria,Africa/Algiers
GHA,Ghardaia,DZ,Algeria,Africa/Algiers
MUW,Ghriss,DZ,Algeria,Africa/Algiers
ELU,Guemar,DZ,Algeria,Africa/Algiers
HME,Hassi Messaoud,DZ,Algeria,Africa/Algiers
VVZ,Illizi,DZ,Algeria,Africa/Algiers
INZ,In Salah,DZ,Algeria,Africa/Algiers
GJL,Jijel,DZ,Algeria,Africa/Algiers
LOO,Laghouat,DZ,Algeria,Africa/Algiers
MZW,Mecheria,DZ,Algeria,Africa/Algiers
ORN,Oran,DZ,Algeria,Africa/Algiers
TAF,Oran,DZ,Algeria,Africa/Algiers
OGX,Ouargla,DZ,Algeria,Africa/Algiers
QSF,Setif,DZ,Algeria,Africa/Algiers
BFW,Sidi Bel Abbes,DZ,Algeria,Africa/Algiers
TMR,Tamanrasset,DZ,Algeria,Africa/Algiers
TEE,Tebessa,DZ,Algeria,Africa/Algiers
TID,Tiaret,DZ,Algeria,Africa/Algiers
HRM,Tilrempt,DZ,Algeria,Africa/Algiers
TMX,Timimoun,DZ,Algeria,Africa/Algiers
TIN,Tindouf,DZ,Algeria,Africa/Algiers
TLM,Tlemcen,DZ,Algeria,Africa/Algiers
TGR,Touggourt,DZ,Algeria,Africa/Algiers
IAM,Zarzaitine,DZ,Algeria,Africa/Algiers
FTI,Fiti\'uta,AS,American Samoa,Pacific/Pago_Pago
PPG,Pago Pago,AS,American Samoa,Pacific/Pago_Pago
BUG,Benguela,AO,Angola,Africa/Luanda
CAB,Cabinda,AO,Angola,Africa/Luanda
CBT,Catumbela,AO,Angola,Africa/Luanda
DUE,Dundo,AO,Angola,Africa/Luanda
NOV,Huambo,AO,Angola,Africa/Luanda
KNP,Kapanda,AO,Angola,Africa/Luanda
SVP,Kuito,AO,Angola,Africa/Luanda
LAD,Luanda,AO,Angola,Africa/Luanda
SDD,Lubango,AO,Angola,Africa/Luanda
LBZ,Lucapa,AO,Angola,Africa/Luanda
LUO,Luena,AO,Angola,Africa/Luanda
SSY,M'banza-congo,AO,Angola,Africa/Luanda
MEG,Malanje,AO,Angola,Africa/Luanda
SPP,Menongue,AO,Angola,Africa/Luanda
MSZ,Mocamedes,AO,Angola,Africa/Luanda
GXG,Negage,AO,Angola,Africa/Luanda
NZA,Nzagi,AO,Angola,Africa/Luanda
VPE,Ondjiva,AO,Angola,Africa/Luanda
PBN,Porto Amboim,AO,Angola,Africa/Luanda
VHC,Saurimo,AO,Angola,Africa/Luanda
SZA,Soyo,AO,Angola,Africa/Luanda
UGO,Uige,AO,Angola,Africa/Luanda
XGN,Xangongo,AO,Angola,Africa/Luanda
AXA,The Valley,AI,Anguilla,America/Anguilla
TNM,Isla Rey Jorge,AQ,Antarctica,Antarctica/South_Pole
ANU,Antigua,AG,Antigua and Barbuda,America/Antigua
BBQ,Codrington,AG,Antigua and Barbuda,America/Antigua
ARR,Alto Rio Senguer,AR,Argentina,America/Catamarca
BHI,Bahia Blanca,AR,Argentina,America/Buenos_Aires
AEP,Buenos Aires,AR,Argentina,America/Buenos_Aires
EZE,Buenos Aires,AR,Argentina,America/Buenos_Aires
CTC,Catamarca,AR,Argentina,America/Catamarca
HOS,Chosmadal,AR,Argentina,America/Argentina/Salta
CSZ,Colonel Suarez,AR,Argentina,America/Buenos_Aires
CRD,Comodoro Rivadavia,AR,Argentina,America/Catamarca
COC,Concordia,AR,Argentina,America/Cordoba
COR,Cordoba,AR,Argentina,America/Cordoba
CNQ,Corrientes,AR,Argentina,America/Cordoba
UZU,Curuzu Cuatia,AR,Argentina,America/Cordoba
CUT,Cutralco,AR,Argentina,America/Argentina/Salta
EHL,El Bolson,AR,Argentina,America/Argentina/Salta
FTE,El Calafate,AR,Argentina,America/Argentina/Rio_Gallegos
ING,El Calafate,AR,Argentina,America/Argentina/Rio_Gallegos
ELO,El Dorado,AR,Argentina,America/Cordoba
EPA,El Palomar,AR,Argentina,America/Buenos_Aires
EQS,Esquel,AR,Argentina,America/Catamarca
FMA,Formosa,AR,Argentina,America/Cordoba
GNR,Fuerte Gral Roca,AR,Argentina,America/Argentina/Salta
GPO,General Pico,AR,Argentina,America/Argentina/Salta
GGS,Gobernador Gregores,AR,Argentina,America/Argentina/Rio_Gallegos
OYA,Goya,AR,Argentina,America/Cordoba
GHU,Gualeguaychu,AR,Argentina,America/Cordoba
IGR,Iguazu Falls,AR,Argentina,America/Cordoba
IGB,Ingeniero Jacobacci,AR,Argentina,America/Argentina/Salta
JSM,Jose de San Martin,AR,Argentina,America/Catamarca
JUJ,Jujuy,AR,Argentina,America/Jujuy
JNI,Junin,AR,Argentina,America/Buenos_Aires
LPG,La Plata,AR,Argentina,America/Buenos_Aires
IRJ,La Rioja,AR,Argentina,America/Argentina/La_Rioja
LHS,Las Heras,AR,Argentina,America/Argentina/Rio_Gallegos
LGS,Malargue,AR,Argentina,America/Mendoza
MDQ,Mar Del Plata,AR,Argentina,America/Buenos_Aires
MDZ,Mendoza,AR,Argentina,America/Mendoza
MCS,Monte Caseros,AR,Argentina,America/Cordoba
NEC,Necochea,AR,Argentina,America/Buenos_Aires
NQN,Neuquen,AR,Argentina,America/Argentina/Salta
OVR,Olavarria,AR,Argentina,America/Buenos_Aires
ORA,Oran,AR,Argentina,America/Argentina/Salta
PRA,Parana,AR,Argentina,America/Cordoba
AOL,Paso De Los Libres,AR,Argentina,America/Cordoba
PEH,Pehuajo,AR,Argentina,America/Buenos_Aires
PMQ,Perito Moreno,AR,Argentina,America/Argentina/Rio_Gallegos
PSS,Posadas,AR,Argentina,America/Cordoba
PRQ,Presidencia R.s.pena,AR,Argentina,America/Cordoba
PUD,Puerto Deseado,AR,Argentina,America/Argentina/Rio_Gallegos
PMY,Puerto Madryn,AR,Argentina,America/Catamarca
RCQ,Reconquista,AR,Argentina,America/Cordoba
RES,Resistencia,AR,Argentina,America/Cordoba
RDS,Rincon de los Sauces,AR,Argentina,America/Argentina/Salta
RCU,Rio Cuarto,AR,Argentina,America/Cordoba
RGL,Rio Gallegos,AR,Argentina,America/Argentina/Rio_Gallegos
RGA,Rio Grande,AR,Argentina,America/Argentina/Ushuaia
RHD,Rio Hondo,AR,Argentina,America/Cordoba
ROS,Rosario,AR,Argentina,America/Cordoba
SLA,Salta,AR,Argentina,America/Argentina/Salta
OES,San Antonio Oeste,AR,Argentina,America/Argentina/Salta
BRC,San Carlos De Bariloche,AR,Argentina,America/Argentina/Salta
FDO,San Fernando,AR,Argentina,America/Buenos_Aires
UAQ,San Juan,AR,Argentina,America/Argentina/San_Juan
ULA,San Julian,AR,Argentina,America/Argentina/Rio_Gallegos
LUQ,San Luis,AR,Argentina,America/Argentina/San_Luis
CPC,San Martin Des Andes,AR,Argentina,America/Argentina/Salta
AFA,San Rafael,AR,Argentina,America/Mendoza
RZA,Santa Cruz,AR,Argentina,America/Argentina/Rio_Gallegos
SFN,Santa Fe,AR,Argentina,America/Cordoba
RSA,Santa Rosa,AR,Argentina,America/Argentina/Salta
SST,Santa Teresita,AR,Argentina,America/Buenos_Aires
SDE,Santiago Del Estero,AR,Argentina,America/Cordoba
SGV,Sierra Grande,AR,Argentina,America/Argentina/Salta
TDL,Tandil,AR,Argentina,America/Buenos_Aires
TTG,Tartagal,AR,Argentina,America/Argentina/Salta
REL,Trelew,AR,Argentina,America/Catamarca
OYO,Tres Arroyos,AR,Argentina,America/Buenos_Aires
TUC,Tucuman,AR,Argentina,America/Argentina/Tucuman
USH,Ushuaia,AR,Argentina,America/Argentina/Ushuaia
VDM,Viedma,AR,Argentina,America/Argentina/Salta
VDR,Villa Dolores,AR,Argentina,America/Cordoba
VLG,Villa Gesell,AR,Argentina,America/Buenos_Aires
VME,Villa Reynolds,AR,Argentina,America/Argentina/San_Luis
APZ,ZAPALA,AR,Argentina,America/Argentina/Salta
LWN,Gyumri,AM,Armenia,Asia/Yerevan
EVN,Yerevan,AM,Armenia,Asia/Yerevan
AUA,Oranjestad,AW,Aruba,America/Aruba
ADL,Adelaide,AU,Australia,Australia/Adelaide
WSY,Airlie Beach,AU,Australia,Australia/Brisbane
ALH,Albany,AU,Australia,Australia/Perth
ABX,Albury,AU,Australia,Australia/Sydney
ASP,Alice Springs,AU,Australia,Australia/Darwin
ABM,Amberley,AU,Australia,Australia/Brisbane
GYL,Argyle,AU,Australia,Australia/Perth
PUG,Argyle,AU,Australia,Australia/Adelaide
ARM,Armidale,AU,Australia,Australia/Sydney
AUU,Aurukun,AU,Australia,Australia/Brisbane
AVV,Avalon,AU,Australia,Australia/Hobart
BDD,Badu Island,AU,Australia,Australia/Brisbane
BSJ,Bairnsdale,AU,Australia,Australia/Hobart
BBL,Ballera,AU,Australia,Australia/Brisbane
BNK,Ballina Byron Bay,AU,Australia,Australia/Sydney
BCI,Barcaldine,AU,Australia,Australia/Brisbane
BWB,Barrow Island,AU,Australia,Australia/Perth
BHS,Bathurst,AU,Australia,Australia/Sydney
BRT,Bathurst Island,AU,Australia,Australia/Darwin
BEU,Bedourie,AU,Australia,Australia/Brisbane
BXG,Bendigo,AU,Australia,Australia/Hobart
THG,Biloela,AU,Australia,Australia/Brisbane
BVI,Birdsville,AU,Australia,Australia/Brisbane
BKQ,Blackall,AU,Australia,Australia/Brisbane
BLT,Blackwater,AU,Australia,Australia/Brisbane
GIC,Boigu,AU,Australia,Australia/Brisbane
BQL,Boulia,AU,Australia,Australia/Brisbane
BRK,Bourke,AU,Australia,Australia/Sydney
BMP,Brampton Island,AU,Australia,Australia/Brisbane
ACF,Brisbane,AU,Australia,Australia/Brisbane
BNE,Brisbane,AU,Australia,Australia/Brisbane
BHQ,Broken Hill,AU,Australia,Australia/Adelaide
BME,Broome,AU,Australia,Australia/Perth
BQB,Brusselton,AU,Australia,Australia/Perth
BDB,Bundaberg,AU,Australia,Australia/Brisbane
BUC,Burketown,AU,Australia,Australia/Brisbane
BWT,Burnie,AU,Australia,Australia/Melbourne
CNS,Cairns,AU,Australia,Australia/Brisbane
CDU,Camden,AU,Australia,Australia/Sydney
CBR,Canberra,AU,Australia,Australia/Sydney
CVQ,Carnarvon,AU,Australia,Australia/Perth
CED,Ceduna,AU,Australia,Australia/Adelaide
CES,Cessnock,AU,Australia,Australia/Sydney
CTL,Charlieville,AU,Australia,Australia/Brisbane
CWT,Chatsworth,AU,Australia,Australia/Sydney
CCL,Chinchilla,AU,Australia,Australia/Brisbane
CNJ,Cloncurry,AU,Australia,Australia/Brisbane
KFE,Cloudbreak,AU,Australia,Australia/Perth
CAZ,Cobar,AU,Australia,Australia/Sydney
CNC,Coconut Island,AU,Australia,Australia/Brisbane
CUQ,Coen,AU,Australia,Australia/Brisbane
CFS,Coff's Harbour,AU,Australia,Australia/Sydney
CPD,Coober Pedy,AU,Australia,Australia/Adelaide
CDA,Cooinda,AU,Australia,Australia/Darwin
CTN,Cooktown,AU,Australia,Australia/Brisbane
OOL,Coolangatta,AU,Australia,Australia/Brisbane
OOM,Cooma,AU,Australia,Australia/Sydney
COJ,Coonabarabran,AU,Australia,Australia/Sydney
CNB,Coonamble,AU,Australia,Australia/Sydney
CMA,Cunnamulla,AU,Australia,Australia/Brisbane
NLF,Darnley Island,AU,Australia,Australia/Brisbane
DRW,Darwin,AU,Australia,Australia/Darwin
DRB,Derby,AU,Australia,Australia/Perth
DPO,Devonport,AU,Australia,Australia/Melbourne
DMD,Doomadgee,AU,Australia,Australia/Brisbane
DBO,Dubbo,AU,Australia,Australia/Sydney
DKI,Dunk Island,AU,Australia,Australia/Brisbane
ELC,Elcho Island,AU,Australia,Australia/Darwin
EMD,Emerald,AU,Australia,Australia/Brisbane
EPR,Esperance,AU,Australia,Australia/Perth
FIZ,Fitzroy Crossing,AU,Australia,Australia/Perth
FLS,Flinders Island,AU,Australia,Australia/Melbourne
FOS,Forrest,AU,Australia,Australia/Perth
OCN,Fraser Island,AU,Australia,America/Los_Angeles
GAH,Gayndah,AU,Australia,Australia/Brisbane
GEX,Geelong,AU,Australia,Australia/Hobart
GET,Geraldton,AU,Australia,Australia/Perth
GLT,Gladstone,AU,Australia,Australia/Brisbane
GLI,Glen Innes,AU,Australia,Australia/Sydney
GUL,Goulburn,AU,Australia,Australia/Sydney
GOV,Gove,AU,Australia,Australia/Darwin
GFN,Grafton,AU,Australia,Australia/Sydney
GKL,Great Keppel Island,AU,Australia,Australia/Brisbane
GFF,Griffith,AU,Australia,Australia/Sydney
GTE,Groote Eylandt,AU,Australia,Australia/Darwin
HCQ,Halls Creek,AU,Australia,Australia/Perth
HLT,Hamilton,AU,Australia,Australia/Hobart
HTI,Hamilton Island,AU,Australia,Australia/Brisbane
HVB,Hervey Bay,AU,Australia,Australia/Brisbane
HBA,Hobart,AU,Australia,Australia/Melbourne
HOK,Hooker Creek,AU,Australia,Australia/Darwin
HID,Horn Island,AU,Australia,Australia/Brisbane
HGD,Hughenden,AU,Australia,Australia/Brisbane
IFL,Innisfail,AU,Australia,Australia/Brisbane
IVR,Inverell,AU,Australia,Australia/Sydney
JAB,Jabiru,AU,Australia,Australia/Darwin
JCK,Julia Creek,AU,Australia,Australia/Brisbane
KAX,Kalbarri,AU,Australia,Australia/Perth
KGI,Kalgoorlie,AU,Australia,Australia/Perth
KFG,Kalkgurung,AU,Australia,Australia/Darwin
KTA,Karratha,AU,Australia,Australia/Perth
KRB,Karumba,AU,Australia,Australia/Brisbane
KTR,Katherine,AU,Australia,Australia/Darwin
KNS,King Island,AU,Australia,Australia/Melbourne
KGC,Kingscote,AU,Australia,Australia/Adelaide
KWM,Kowanyama,AU,Australia,Australia/Brisbane
KUG,Kubin,AU,Australia,Australia/Brisbane
KNX,Kununurra,AU,Australia,Australia/Perth
LEL,Lake Evella,AU,Australia,Australia/Darwin
BEO,Lake Macquarie,AU,Australia,Australia/Sydney
LST,Launceston,AU,Australia,Australia/Melbourne
LVO,Laverton,AU,Australia,Australia/Perth
LEA,Learmonth,AU,Australia,Australia/Perth
LGH,Leigh Creek,AU,Australia,Australia/Adelaide
LER,Leinster,AU,Australia,Australia/Perth
LNO,Leonora,AU,Australia,Australia/Perth
LHG,Lightning Ridge,AU,Australia,Australia/Sydney
LSY,Lismore,AU,Australia,Australia/Sydney
LZR,Lizard Island,AU,Australia,Australia/Brisbane
IRG,Lockhart River,AU,Australia,Australia/Brisbane
LRE,Longreach,AU,Australia,Australia/Brisbane
LDH,Lord Howe Island,AU,Australia,Australia/Lord_Howe
UBB,Mabuiag Island,AU,Australia,Australia/Brisbane
MKY,Mackay,AU,Australia,Australia/Brisbane
MTL,Maitland,AU,Australia,Australia/Sydney
XMC,Mallacoota,AU,Australia,Australia/Hobart
MNG,Maningrida,AU,Australia,Australia/Darwin
MCY,Maroochydore,AU,Australia,Australia/Brisbane
MBH,Maryborough,AU,Australia,Australia/Brisbane
MCV,McArthur River Mine,AU,Australia,Australia/Darwin
MKR,Meekatharra,AU,Australia,Australia/Perth
MBW,Melbourne,AU,Australia,Australia/Hobart
MEB,Melbourne,AU,Australia,Australia/Hobart
MEL,Melbourne,AU,Australia,Australia/Hobart
MIM,Merimbula,AU,Australia,Australia/Sydney
MQL,Mildura,AU,Australia,Australia/Hobart
MGT,Milingimbi,AU,Australia,Australia/Darwin
MOO,Moomba,AU,Australia,Australia/Adelaide
MOV,Moranbah,AU,Australia,Australia/Brisbane
MRZ,Moree,AU,Australia,Australia/Sydney
ONG,Mornington Island,AU,Australia,Australia/Brisbane
MYA,Moruya,AU,Australia,Australia/Sydney
MGB,Mount Gambier,AU,Australia,Australia/Adelaide
MHU,Mount Hotham,AU,Australia,Australia/Hobart
ISA,Mount Isa,AU,Australia,Australia/Brisbane
WME,Mount Keith,AU,Australia,Australia/Perth
MMG,Mount Magnet,AU,Australia,Australia/Perth
DGE,Mudgee,AU,Australia,Australia/Sydney
MYI,Murray Island,AU,Australia,Australia/Brisbane
NAA,Narrabri,AU,Australia,Australia/Sydney
NRA,Narrandera,AU,Australia,Australia/Sydney
NTL,Newcastle,AU,Australia,Australia/Sydney
ZNE,Newman,AU,Australia,Australia/Perth
NTN,Normanton,AU,Australia,Australia/Brisbane
NOA,Nowra,AU,Australia,Australia/Sydney
OKY,Oakey,AU,Australia,Australia/Brisbane
OLP,Olympic Dam,AU,Australia,Australia/Adelaide
ONS,Onslow,AU,Australia,Australia/Perth
OAG,Orange,AU,Australia,Australia/Sydney
PMK,Palm Island,AU,Australia,Australia/Brisbane
PBO,Paraburdoo,AU,Australia,Australia/Perth
PKE,Parkes,AU,Australia,Australia/Sydney
PEA,Penneshaw,AU,Australia,Australia/Adelaide
JAD,Perth,AU,Australia,Australia/Perth
PER,Perth,AU,Australia,Australia/Perth
EDR,Pormpuraaw,AU,Australia,Australia/Brisbane
PHE,Port Hedland,AU,Australia,Australia/Perth
PLO,Port Lincoln,AU,Australia,Australia/Adelaide
PQQ,Port Macquarie,AU,Australia,Australia/Sydney
PTJ,Portland,AU,Australia,Australia/Hobart
PXH,Prominent Hill,AU,Australia,Australia/Adelaide
PPP,Prosserpine,AU,Australia,Australia/Brisbane
ULP,Quilpie,AU,Australia,Australia/Brisbane
RAM,Ramingining,AU,Australia,Australia/Darwin
RVT,Ravensthorpe,AU,Australia,Australia/Perth
RMK,Renmark,AU,Australia,Australia/Adelaide
XRH,Richmond,AU,Australia,Australia/Sydney
ROK,Rockhampton,AU,Australia,Australia/Brisbane
RMA,Roma,AU,Australia,Australia/Brisbane
RPB,Roper Bar,AU,Australia,Australia/Darwin
RTS,Rottnest Island,AU,Australia,Australia/Perth
SBR,Saibai Island,AU,Australia,Australia/Brisbane
NSO,Scone,AU,Australia,Australia/Sydney
MJK,Shark Bay,AU,Australia,Australia/Perth
SHT,Shepparton,AU,Australia,Australia/Hobart
JHQ,Shute Harbour,AU,Australia,Australia/Brisbane
SLJ,Solomon,AU,Australia,Australia/Perth
SGO,St George,AU,Australia,Australia/Brisbane
SRN,Strahan,AU,Australia,Australia/Melbourne
SYU,Sue Islet,AU,Australia,Australia/Brisbane
BWU,Sydney,AU,Australia,Australia/Sydney
SYD,Sydney,AU,Australia,Australia/Sydney
TMW,Tamworth,AU,Australia,Australia/Sydney
TRO,Taree,AU,Australia,Australia/Sydney
TEF,Telfer,AU,Australia,Australia/Perth
TEM,Temora,AU,Australia,Australia/Sydney
TCA,Tennant Creek,AU,Australia,Australia/Darwin
XTG,Thargomindah,AU,Australia,Australia/Brisbane
TDR,Theodore,AU,Australia,Australia/Brisbane
TWB,Toowoomba,AU,Australia,Australia/Brisbane
WTB,Toowoomba,AU,Australia,Australia/Brisbane
TSV,Townsville,AU,Australia,Australia/Brisbane
AYQ,Uluru,AU,Australia,Australia/Darwin
VCD,Victoria River Downs,AU,Australia,Australia/Darwin
WGA,Wagga Wagga,AU,Australia,Australia/Sydney
WGE,Walgett,AU,Australia,Australia/Sydney
WEI,Weipa,AU,Australia,Australia/Brisbane
WYA,Whyalla,AU,Australia,Australia/Adelaide
WIO,Wilcannia,AU,Australia,Australia/Sydney
WUN,Wiluna,AU,Australia,Australia/Perth
WNR,Windorah,AU,Australia,Australia/Brisbane
WIN,Winton,AU,Australia,Australia/Brisbane
WOL,Wollongong,AU,Australia,Australia/Sydney
UMR,Woomera,AU,Australia,Australia/Adelaide
WYN,Wyndham,AU,Australia,Australia/Perth
KYI,Yalata,AU,Australia,Australia/Adelaide
XMY,Yam Island,AU,Australia,Australia/Brisbane
OKR,Yorke Island,AU,Australia,Australia/Brisbane
YUE,Yuendumu,AU,Australia,Australia/Darwin
GRZ,Graz,AT,Austria,Europe/Vienna
HOH,Hohenems,AT,Austria,Europe/Vienna
INN,Innsbruck,AT,Austria,Europe/Vienna
KLU,Klagenfurt,AT,Austria,Europe/Vienna
LNZ,Linz,AT,Austria,Europe/Vienna
SZG,Salzburg,AT,Austria,Europe/Vienna
VIE,Vienna,AT,Austria,Europe/Vienna
GYD,Baku,AZ,Azerbaijan,Asia/Baku
KVD,Ganja,AZ,Azerbaijan,Asia/Baku
LLK,Lankaran,AZ,Azerbaijan,Asia/Baku
NAJ,Nakhchivan,AZ,Azerbaijan,Asia/Baku
GBB,Qabala,AZ,Azerbaijan,Asia/Baku
ZTU,Zaqatala,AZ,Azerbaijan,Asia/Baku
BIM,Alice Town,BS,Bahamas,America/Nassau
COX,Andros,BS,Bahamas,America/Nassau
ASD,Andros Town,BS,Bahamas,America/Nassau
ATC,Arthur's Town,BS,Bahamas,America/Nassau
GHC,Bullocks Harbour,BS,Bahamas,America/Nassau
TBI,Cat Island,BS,Bahamas,America/Nassau
CCZ,Chub Cay,BS,Bahamas,America/Nassau
MAY,Clarence Bain,BS,Bahamas,America/Nassau
ZSA,Cockburn Town,BS,Bahamas,America/Nassau
CRI,Colonel Hill,BS,Bahamas,America/Nassau
LGI,Dead Man's Cay,BS,Bahamas,America/Nassau
DCT,Duncan Town,BS,Bahamas,America/Nassau
FPO,Freeport,BS,Bahamas,America/Nassau
GHB,Governor's Harbor,BS,Bahamas,America/Nassau
GGT,Great Exuma,BS,Bahamas,America/Nassau
MHH,Marsh Harbor,BS,Bahamas,America/Nassau
IGA,Matthew Town,BS,Bahamas,America/Nassau
MYG,Mayaguana,BS,Bahamas,America/Nassau
NAS,Nassau,BS,Bahamas,America/Nassau
PID,Nassau,BS,Bahamas,America/Nassau
NMC,Norman's Cay,BS,Bahamas,America/Nassau
ELH,North Eleuthera,BS,Bahamas,America/Nassau
RCY,Port Nelson,BS,Bahamas,America/Nassau
RSD,Rock Sound,BS,Bahamas,America/Nassau
SAQ,San Andros,BS,Bahamas,America/Nassau
AXP,Spring Point,BS,Bahamas,America/Nassau
TYM,Staniel Cay,BS,Bahamas,America/Nassau
SML,Stella Maris,BS,Bahamas,America/Nassau
TCB,Treasure Cay,BS,Bahamas,America/Nassau
BAH,Bahrain,BH,Bahrain,Asia/Bahrain
BZL,Barisal,BD,Bangladesh,Asia/Dhaka
CGP,Chittagong,BD,Bangladesh,Asia/Dhaka
CXB,Cox's Bazar,BD,Bangladesh,Asia/Dhaka
DAC,Dhaka,BD,Bangladesh,Asia/Dhaka
IRD,Ishurdi,BD,Bangladesh,Asia/Dhaka
JSR,Jessore,BD,Bangladesh,Asia/Dhaka
RJH,Rajshahi,BD,Bangladesh,Asia/Dhaka
SPD,Saidpur,BD,Bangladesh,Asia/Dhaka
ZYL,Sylhet Osmani,BD,Bangladesh,Asia/Dhaka
BGI,Bridgetown,BB,Barbados,America/Barbados
BQT,Brest,BY,Belarus,Europe/Minsk
GME,Gomel,BY,Belarus,Europe/Minsk
GNA,Hrodna,BY,Belarus,Europe/Minsk
MHP,Minsk,BY,Belarus,Europe/Minsk
MSQ,Minsk 2,BY,Belarus,Europe/Minsk
MVQ,Mogilev,BY,Belarus,Europe/Minsk
VTB,Vitebsk,BY,Belarus,Europe/Minsk
ANR,Antwerp,BE,Belgium,Europe/Brussels
BRU,Brussels,BE,Belgium,Europe/Brussels
CRL,Charleroi,BE,Belgium,Europe/Brussels
KJK,Kortrijk-vevelgem,BE,Belgium,Europe/Brussels
LGG,Liege,BE,Belgium,Europe/Brussels
OST,Ostend,BE,Belgium,Europe/Brussels
OBL,Zoersel,BE,Belgium,Europe/Brussels
BZE,Belize City,BZ,Belize,America/Belize
SPR,San Pedro,BZ,Belize,America/Belize
COO,Cotonou,BJ,Benin,Africa/Porto-Novo
BDA,Bermuda,BM,Bermuda,Atlantic/Bermuda
PBH,Thimphu,BT,Bhutan,Asia/Thimphu
BJO,Bermejo,BO,Bolivia,America/La_Paz
CCA,Chapacura,BO,Bolivia,America/La_Paz
CIJ,Cobija,BO,Bolivia,America/La_Paz
CBB,Cochabamba,BO,Bolivia,America/La_Paz
GYA,Guayaramerín,BO,Bolivia,America/La_Paz
LPB,La Paz,BO,Bolivia,America/La_Paz
ORU,Oruro,BO,Bolivia,America/La_Paz
POI,Potosi,BO,Bolivia,America/La_Paz
PUR,Puerto Rico/Manuripi,BO,Bolivia,America/La_Paz
PSZ,Puerto Suarez,BO,Bolivia,America/La_Paz
RBQ,Rerrenabaque,BO,Bolivia,America/La_Paz
REY,Reyes,BO,Bolivia,America/La_Paz
RIB,Riberalta,BO,Bolivia,America/La_Paz
SRJ,San Borja,BO,Bolivia,America/La_Paz
SBL,Santa Ana,BO,Bolivia,America/La_Paz
SRZ,Santa Cruz,BO,Bolivia,America/La_Paz
VVI,Santa Cruz,BO,Bolivia,America/La_Paz
SRE,Sucre,BO,Bolivia,America/La_Paz
TJA,Tarija,BO,Bolivia,America/La_Paz
TDD,Trinidad,BO,Bolivia,America/La_Paz
UYU,Uyuni,BO,Bolivia,America/La_Paz
VLM,Villa Montes,BO,Bolivia,America/La_Paz
BYC,Yacuiba,BO,Bolivia,America/La_Paz
BON,Kralendijk,BQ,Bonaire,America/Curacao
EUX,Oranjestad,BQ,Bonaire,America/Curacao
SAB,Saba,BQ,Bonaire,America/Curacao
BNX,Banja Luka,BA,Bosnia and Herzegovina,Europe/Sarajevo
OMO,Mostar,BA,Bosnia and Herzegovina,Europe/Sarajevo
TZL,Null,BA,Bosnia and Herzegovina,Europe/Sarajevo
SJJ,Sarajevo,BA,Bosnia and Herzegovina,Europe/Sarajevo
FRW,Francistown,BW,Botswana,Africa/Gaborone
GBE,Gaberone,BW,Botswana,Africa/Gaborone
GNZ,Ghanzi,BW,Botswana,Africa/Gaborone
JWA,Jwaneng,BW,Botswana,Africa/Gaborone
BBK,Kasane,BW,Botswana,Africa/Gaborone
KHW,Khwai River,BW,Botswana,Africa/Gaborone
MUB,Maun,BW,Botswana,Africa/Gaborone
ORP,Orapa,BW,Botswana,Africa/Gaborone
PKW,Selebi-phikwe,BW,Botswana,Africa/Gaborone
SWX,Shakawe,BW,Botswana,Africa/Gaborone
TLD,Tuli Lodge,BW,Botswana,Africa/Gaborone
MEU,Almeirim,BR,Brazil,America/Belem
AFL,Alta Floresta,BR,Brazil,America/Campo_Grande
ATM,Altamira,BR,Brazil,America/Belem
AJU,Aracaju,BR,Brazil,America/Fortaleza
ARU,Aracatuba,BR,Brazil,America/Sao_Paulo
AUX,Araguaina,BR,Brazil,America/Fortaleza
AQA,Araracuara,BR,Brazil,America/Sao_Paulo
AAX,Araxa,BR,Brazil,America/Sao_Paulo
BNU,BLUMENAU,BR,Brazil,America/Sao_Paulo
BGX,Bage,BR,Brazil,America/Sao_Paulo
BAZ,Barcelos,BR,Brazil,America/Boa_Vista
BPG,Barra Do Garcas,BR,Brazil,America/Campo_Grande
BRA,Barreiras,BR,Brazil,America/Fortaleza
BAU,Bauru,BR,Brazil,America/Sao_Paulo
JTC,Bauru,BR,Brazil,America/Sao_Paulo
BEL,Belem,BR,Brazil,America/Belem
CNF,Belo Horizonte,BR,Brazil,America/Sao_Paulo
PLU,Belo Horizonte,BR,Brazil,America/Sao_Paulo
BVB,Boa Vista,BR,Brazil,America/Boa_Vista
BYO,Bointo,BR,Brazil,America/Campo_Grande
LAZ,Bom Jesus Da Lapa,BR,Brazil,America/Fortaleza
RBB,Borba,BR,Brazil,America/Boa_Vista
QCJ,Botucatu,BR,Brazil,America/Sao_Paulo
BJP,Braganca Paulista,BR,Brazil,America/Sao_Paulo
BSB,Brasilia,BR,Brazil,America/Sao_Paulo
BVS,Breves,BR,Brazil,America/Belem
CFB,Cabo Frio,BR,Brazil,America/Sao_Paulo
CFC,Cacador,BR,Brazil,America/Sao_Paulo
OAL,Cacoal,BR,Brazil,America/Boa_Vista
CLV,Caldas Novas,BR,Brazil,America/Sao_Paulo
CPV,Campina Grande,BR,Brazil,America/Fortaleza
CPQ,Campinas,BR,Brazil,America/Sao_Paulo
VCP,Campinas,BR,Brazil,America/Sao_Paulo
CGR,Campo Grande,BR,Brazil,America/Campo_Grande
CAW,Campos,BR,Brazil,America/Sao_Paulo
CAF,Carauari,BR,Brazil,America/Boa_Vista
CRQ,Caravelas,BR,Brazil,America/Fortaleza
CLN,Carolina,BR,Brazil,America/Fortaleza
CAU,Caruaru,BR,Brazil,America/Fortaleza
CAC,Cascavel,BR,Brazil,America/Sao_Paulo
CXJ,Caxias Do Sul,BR,Brazil,America/Sao_Paulo
XAP,Chapeco,BR,Brazil,America/Sao_Paulo
CIZ,Coari,BR,Brazil,America/Boa_Vista
CDJ,Conceicao Do Araguaia,BR,Brazil,America/Belem
CCI,Concordia,BR,Brazil,America/Sao_Paulo
CFO,Confresa,BR,Brazil,America/Campo_Grande
CMG,Corumba,BR,Brazil,America/Campo_Grande
CCM,Criciuma,BR,Brazil,America/Sao_Paulo
CZS,Cruzeiro do Sul,BR,Brazil,America/Rio_Branco
CGB,Cuiaba,BR,Brazil,America/Campo_Grande
BFH,Curitiba,BR,Brazil,America/Sao_Paulo
CWB,Curitiba,BR,Brazil,America/Sao_Paulo
DTI,Diamantina,BR,Brazil,America/Sao_Paulo
DMT,Diamantino,BR,Brazil,America/Campo_Grande
DOU,Dourados,BR,Brazil,America/Campo_Grande
ERN,Eirunepe,BR,Brazil,America/Boa_Vista
ERM,Erechim,BR,Brazil,America/Sao_Paulo
FEN,Fernando Do Noronha,BR,Brazil,America/Fortaleza
FLN,Florianopolis,BR,Brazil,America/Sao_Paulo
FBA,Fonte Boa,BR,Brazil,America/Boa_Vista
FOR,Fortaleza,BR,Brazil,America/Fortaleza
IGU,Foz Do Iguacu,BR,Brazil,America/Sao_Paulo
FRC,Franca,BR,Brazil,America/Sao_Paulo
FBE,Francisco Beltrao,BR,Brazil,America/Sao_Paulo
GYN,Goiania,BR,Brazil,America/Sao_Paulo
GVR,Governador Valadares,BR,Brazil,America/Sao_Paulo
GJM,Guajara-mirim,BR,Brazil,America/Boa_Vista
GNM,Guanambi,BR,Brazil,America/Fortaleza
GPB,Guarapuava,BR,Brazil,America/Sao_Paulo
GUJ,Guaratingueta,BR,Brazil,America/Sao_Paulo
GRP,Gurupi,BR,Brazil,America/Fortaleza
HUW,Humaita,BR,Brazil,America/Boa_Vista
QIG,Iguatu,BR,Brazil,America/Fortaleza
IOS,Ilheus,BR,Brazil,America/Fortaleza
IMP,Imperatriz,BR,Brazil,America/Fortaleza
IPN,Ipatinga,BR,Brazil,America/Sao_Paulo
ITA,Itaituba,BR,Brazil,America/Boa_Vista
ITB,Itaituba,BR,Brazil,America/Belem
ITR,Itumbiara,BR,Brazil,America/Sao_Paulo
JCR,Jacare-acanga,BR,Brazil,America/Belem
JPR,Ji-Paraná,BR,Brazil,America/Boa_Vista
JCB,Joacaba,BR,Brazil,America/Sao_Paulo
JPA,Joao Pessoa,BR,Brazil,America/Fortaleza
JOI,Joinville,BR,Brazil,America/Sao_Paulo
JDO,Juazeiro Do Norte,BR,Brazil,America/Fortaleza
JDF,Juiz De Fora,BR,Brazil,America/Sao_Paulo
IZA,Juiz de Fora,BR,Brazil,America/Sao_Paulo
LBR,Labrea,BR,Brazil,America/Boa_Vista
LAJ,Lajes,BR,Brazil,America/Sao_Paulo
LEC,Lençóis,BR,Brazil,America/Fortaleza
LIP,Lins,BR,Brazil,America/Sao_Paulo
LDB,Londrina,BR,Brazil,America/Sao_Paulo
MCP,Macapa,BR,Brazil,America/Fortaleza
MEA,Macaé,BR,Brazil,America/Sao_Paulo
MCZ,Maceio,BR,Brazil,America/Fortaleza
MAO,Manaus,BR,Brazil,America/Boa_Vista
PLL,Manaus,BR,Brazil,America/Boa_Vista
MNX,Manicore,BR,Brazil,America/Boa_Vista
MAB,Maraba,BR,Brazil,America/Belem
MGF,Maringa,BR,Brazil,America/Sao_Paulo
MII,Marília,BR,Brazil,America/Sao_Paulo
MBZ,Maues,BR,Brazil,America/Boa_Vista
MQH,Minacu,BR,Brazil,America/Sao_Paulo
MVF,Mocord,BR,Brazil,America/Fortaleza
MOC,Montes Claros,BR,Brazil,America/Sao_Paulo
MVS,Mucuri,BR,Brazil,America/Fortaleza
NAT,Natal,BR,Brazil,America/Fortaleza
NVT,Navegantes,BR,Brazil,America/Sao_Paulo
QNV,Nova Iguacu,BR,Brazil,America/Sao_Paulo
NVP,Novo Aripuana,BR,Brazil,America/Boa_Vista
OYK,Oioiapoque,BR,Brazil,America/Fortaleza
ORX,Oriximina,BR,Brazil,America/Belem
TMT,Oriximina,BR,Brazil,America/Belem
OIA,Ourilandia do Norte,BR,Brazil,America/Belem
PMW,Palmas,BR,Brazil,America/Fortaleza
CKS,Parauapebas,BR,Brazil,America/Belem
PIN,Parintins,BR,Brazil,America/Boa_Vista
PHB,Parnaiba,BR,Brazil,America/Fortaleza
PFB,Passo Fundo,BR,Brazil,America/Sao_Paulo
POJ,Patos de Minas,BR,Brazil,America/Sao_Paulo
PAV,Paulo Alfonso,BR,Brazil,America/Fortaleza
PET,Pelotas,BR,Brazil,America/Sao_Paulo
PNZ,Petrolina,BR,Brazil,America/Fortaleza
QPS,Piracununga,BR,Brazil,America/Sao_Paulo
POO,Pocos De Caldas,BR,Brazil,America/Sao_Paulo
PMG,Ponta Pora,BR,Brazil,America/Campo_Grande
POA,Porto Alegre,BR,Brazil,America/Sao_Paulo
PNB,Porto Nacional,BR,Brazil,America/Fortaleza
BPS,Porto Seguro,BR,Brazil,America/Fortaleza
PVH,Porto Velho,BR,Brazil,America/Boa_Vista
PPB,President Prudente,BR,Brazil,America/Sao_Paulo
REC,Recife,BR,Brazil,America/Fortaleza
RDC,Redencao,BR,Brazil,America/Belem
RAO,Ribeirao Preto,BR,Brazil,America/Sao_Paulo
RBR,Rio Branco,BR,Brazil,America/Rio_Branco
GIG,Rio De Janeiro,BR,Brazil,America/Sao_Paulo
SDU,Rio De Janeiro,BR,Brazil,America/Sao_Paulo
SNZ,Rio De Janeiro,BR,Brazil,America/Sao_Paulo
RVD,Rio Verde,BR,Brazil,America/Sao_Paulo
ROO,Rondonopolis,BR,Brazil,America/Campo_Grande
SSA,Salvador,BR,Brazil,America/Fortaleza
IRZ,Santa Isabel do Rio Negro,BR,Brazil,America/Boa_Vista
RIA,Santa Maria,BR,Brazil,America/Sao_Paulo
SRA,Santa Rosa,BR,Brazil,America/Sao_Paulo
STZ,Santa Terezinha,BR,Brazil,America/Campo_Grande
CMP,Santana do Araguaia,BR,Brazil,America/Belem
STM,Santarem,BR,Brazil,America/Belem
GEL,Santo Angelo,BR,Brazil,America/Sao_Paulo
SSZ,Santos,BR,Brazil,America/Sao_Paulo
QSC,Sao Carlos,BR,Brazil,America/Sao_Paulo
SXO,Sao Felix do Araguaia,BR,Brazil,America/Campo_Grande
SXX,Sao Felix do Xingu,BR,Brazil,America/Belem
SJL,Sao Gabriel,BR,Brazil,America/Boa_Vista
SJP,Sao Jose Do Rio Preto,BR,Brazil,America/Sao_Paulo
SJK,Sao Jose Dos Campos,BR,Brazil,America/Sao_Paulo
SLZ,Sao Luis,BR,Brazil,America/Fortaleza
CGH,Sao Paulo,BR,Brazil,America/Sao_Paulo
GRU,Sao Paulo,BR,Brazil,America/Sao_Paulo
OLC,Sao Paulo de Olivenca,BR,Brazil,America/Boa_Vista
OPS,Sinop,BR,Brazil,America/Campo_Grande
SOD,Sorocaba,BR,Brazil,America/Sao_Paulo
SFK,Soure,BR,Brazil,America/Belem
TBT,Tabatinga,BR,Brazil,America/Boa_Vista
TRQ,Tarauaca,BR,Brazil,America/Rio_Branco
TFF,Tefe,BR,Brazil,America/Boa_Vista
TEC,Telemaco Borba,BR,Brazil,America/Sao_Paulo
THE,Teresina,BR,Brazil,America/Fortaleza
TOW,Toledo,BR,Brazil,America/Sao_Paulo
TJL,Tres Lagoas,BR,Brazil,America/Campo_Grande
TUR,Tucurui,BR,Brazil,America/Belem
UBA,Uberaba,BR,Brazil,America/Sao_Paulo
UDI,Uberlandia,BR,Brazil,America/Sao_Paulo
UMU,Umuarama,BR,Brazil,America/Sao_Paulo
UNA,Una,BR,Brazil,America/Fortaleza
URG,Uruguaiana,BR,Brazil,America/Sao_Paulo
VAL,Valenca,BR,Brazil,America/Fortaleza
VAG,Varginha,BR,Brazil,America/Sao_Paulo
BVH,Vilhena,BR,Brazil,America/Boa_Vista
VIX,Vitoria,BR,Brazil,America/Sao_Paulo
VDC,Vitória Da Conquista,BR,Brazil,America/Fortaleza
NKW,Diego Garcia Island,IO,British Indian Ocean Territory,Indian/Chagos
VIJ,Spanish Town,VG,British Virgin Islands,America/Tortola
EIS,Tortola,VG,British Virgin Islands,America/Tortola
BWN,Bandar Seri Begawan,BN,Brunei,Asia/Brunei
BOJ,Bourgas,BG,Bulgaria,Europe/Sofia
GOZ,Gorna Orechovica,BG,Bulgaria,Europe/Sofia
PDV,Plovdiv,BG,Bulgaria,Europe/Sofia
SOF,Sofia,BG,Bulgaria,Europe/Sofia
SZR,Stara Zagora,BG,Bulgaria,Europe/Sofia
VAR,Varna,BG,Bulgaria,Europe/Sofia
BOY,Bobo-dioulasso,BF,Burkina Faso,Africa/Ouagadougou
OUA,Ouagadougou,BF,Burkina Faso,Africa/Ouagadougou
BJM,Bujumbura,BI,Burundi,Africa/Bujumbura
BBM,Battambang,KH,Cambodia,Asia/Phnom_Penh
KZC,Kompong Chnang,KH,Cambodia,Asia/Phnom_Penh
KTI,Kratie,KH,Cambodia,Asia/Phnom_Penh
PNH,Phnom-penh,KH,Cambodia,Asia/Phnom_Penh
RBE,Ratanakiri,KH,Cambodia,Asia/Phnom_Penh
REP,Siem-reap,KH,Cambodia,Asia/Phnom_Penh
KOS,Sihanoukville,KH,Cambodia,Asia/Phnom_Penh
TNX,Stung Treng,KH,Cambodia,Asia/Phnom_Penh
BFX,Bafoussam,CM,Cameroon,Africa/Douala
BPC,Bamenda,CM,Cameroon,Africa/Douala
DLA,Douala,CM,Cameroon,Africa/Douala
FOM,Foumban,CM,Cameroon,Africa/Douala
GOU,Garoua,CM,Cameroon,Africa/Douala
MVR,Maroua,CM,Cameroon,Africa/Douala
NGE,N'gaoundere,CM,Cameroon,Africa/Douala
TKC,Tiko,CM,Cameroon,Africa/Douala
NSI,Yaounde,CM,Cameroon,Africa/Douala
YAO,Yaounde,CM,Cameroon,Africa/Douala
ZMH,108 Mile Ranch,CA,Canada,America/Vancouver
YXX,Abbotsford,CA,Canada,America/Vancouver
LAK,Aklavik,CA,Canada,America/Edmonton
AKV,Akulivik,CA,Canada,America/Toronto
YLT,Alert,CA,Canada,America/Toronto
YTF,Alma,CA,Canada,America/Toronto
YAA,Anahim Lake,CA,Canada,America/Vancouver
YAX,Angling Lake,CA,Canada,America/Winnipeg
YAB,Arctic Bay,CA,Canada,America/Winnipeg
YYW,Armstrong,CA,Canada,America/Toronto
YIB,Atikokan,CA,Canada,America/Coral_Harbour
YAT,Attawapiskat,CA,Canada,America/Toronto
YPJ,Aupaluk,CA,Canada,America/Toronto
YBG,Bagotville,CA,Canada,America/Toronto
YBC,Baie Comeau,CA,Canada,America/Toronto
YBK,Baker Lake,CA,Canada,America/Winnipeg
YLK,Barrie-Orillia,CA,Canada,America/Toronto
ZBF,Bathurst,CA,Canada,America/Halifax
XBE,Bearskin Lake,CA,Canada,America/Winnipeg
YBW,Bedwell Harbour,CA,Canada,America/Vancouver
QBC,Bella Coola,CA,Canada,America/Vancouver
YBV,Berens River,CA,Canada,America/Winnipeg
YTL,Big Trout Lake,CA,Canada,America/Winnipeg
YBI,Black Tickle,CA,Canada,America/Halifax
YBO,Bob Quinn Lake,CA,Canada,America/Vancouver
YVB,Bonaventure,CA,Canada,America/Toronto
YBY,Bonnyville,CA,Canada,America/Edmonton
YDT,Boundary Bay,CA,Canada,America/Vancouver
YBR,Brandon,CA,Canada,America/Winnipeg
YBT,Brochet,CA,Canada,America/Winnipeg
ZBM,Bromont,CA,Canada,America/Toronto
YVM,Broughton Island,CA,Canada,America/Toronto
YVT,Buffalo Narrows,CA,Canada,America/Regina
YDB,Burwash,CA,Canada,America/Vancouver
YYC,Calgary,CA,Canada,America/Edmonton
YCB,Cambridge Bay,CA,Canada,America/Edmonton
YBL,Campbell River,CA,Canada,America/Vancouver
YTE,Cape Dorset,CA,Canada,America/Toronto
YRF,Cartwright,CA,Canada,America/Halifax
YCG,Castlegar,CA,Canada,America/Vancouver
YAC,Cat Lake,CA,Canada,America/Winnipeg
YLD,Chapleau,CA,Canada,America/Toronto
YCL,Charlo,CA,Canada,America/Halifax
YYG,Charlottetown,CA,Canada,America/Halifax
YCH,Chatham,CA,Canada,America/Halifax
YCS,Chesterfield Inlet,CA,Canada,America/Winnipeg
YHR,Chevery,CA,Canada,America/Blanc-Sablon
YMT,Chibougamau,CA,Canada,America/Toronto
YCW,Chilliwack,CA,Canada,America/Vancouver
YKU,Chisasibi,CA,Canada,America/Toronto
YYQ,Churchill,CA,Canada,America/Winnipeg
ZUM,Churchill Falls,CA,Canada,America/Halifax
YCY,Clyde River,CA,Canada,America/Toronto
YCN,Cochrane,CA,Canada,America/Toronto
YOD,Cold Lake,CA,Canada,America/Edmonton
YCK,Colville Lake,CA,Canada,America/Edmonton
YQQ,Comox,CA,Canada,America/Vancouver
YCO,Coppermine,CA,Canada,America/Edmonton
YZS,Coral Harbour,CA,Canada,America/Coral_Harbour
YCC,Cornwall,CA,Canada,America/Toronto
YCT,Coronation,CA,Canada,America/Edmonton
YXC,Cranbrook,CA,Canada,America/Edmonton
YCR,Cross Lake,CA,Canada,America/Winnipeg
YDN,Dauphin,CA,Canada,America/Winnipeg
YDA,Dawson,CA,Canada,America/Vancouver
YDQ,Dawson Creek,CA,Canada,America/Dawson_Creek
YDL,Dease Lake,CA,Canada,America/Vancouver
YDF,Deer Lake,CA,Canada,America/St_Johns
YVZ,Deer Lake,CA,Canada,America/Winnipeg
YWJ,Deline,CA,Canada,America/Edmonton
YHD,Dryden,CA,Canada,America/Winnipeg
YEL,ELLIOT LAKE,CA,Canada,America/Toronto
YXR,Earlton,CA,Canada,America/Toronto
ZEM,Eastmain River,CA,Canada,America/Toronto
YEG,Edmonton,CA,Canada,America/Edmonton
YXD,Edmonton,CA,Canada,America/Edmonton
YET,Edson,CA,Canada,America/Edmonton
YOA,Ekati,CA,Canada,America/Edmonton
YEK,Eskimo Point,CA,Canada,America/Winnipeg
YEN,Estevan,CA,Canada,America/Regina
YEU,Eureka,CA,Canada,America/Winnipeg
ZFA,Faro,CA,Canada,America/Vancouver
YFO,Flin Flon,CA,Canada,America/Winnipeg
ZFD,Fond-Du-Lac,CA,Canada,America/Regina
YFE,Forestville,CA,Canada,America/Toronto
YFA,Fort Albany,CA,Canada,America/Toronto
YPY,Fort Chipewyan,CA,Canada,America/Edmonton
YAG,Fort Frances,CA,Canada,America/Winnipeg
YGH,Fort Good Hope,CA,Canada,America/Edmonton
YFH,Fort Hope,CA,Canada,America/Toronto
YMM,Fort Mcmurray,CA,Canada,America/Edmonton
ZFM,Fort Mcpherson,CA,Canada,America/Edmonton
YYE,Fort Nelson,CA,Canada,America/Vancouver
YFR,Fort Resolution,CA,Canada,America/Edmonton
YXJ,Fort Saint John,CA,Canada,America/Dawson_Creek
YER,Fort Severn,CA,Canada,America/Toronto
YFS,Fort Simpson,CA,Canada,America/Edmonton
YSM,Fort Smith,CA,Canada,America/Edmonton
YFC,Fredericton,CA,Canada,America/Halifax
YRA,Gamètì,CA,Canada,America/Edmonton
YQX,Gander,CA,Canada,America/St_Johns
YGG,Ganges,CA,Canada,America/Vancouver
YGP,Gaspe,CA,Canada,America/Toronto
YND,Gatineau,CA,Canada,America/Toronto
YGQ,Geraldton,CA,Canada,America/Toronto
YGX,Gillam,CA,Canada,America/Winnipeg
YGM,Gimli,CA,Canada,America/Winnipeg
YHK,Gjoa Haven,CA,Canada,America/Edmonton
YGO,Gods Lake Narrows,CA,Canada,America/Winnipeg
ZGI,Gods River,CA,Canada,America/Winnipeg
YYR,Goose Bay,CA,Canada,America/Halifax
YZE,Gore Bay,CA,Canada,America/Toronto
YQU,Grande Prairie,CA,Canada,America/Edmonton
YZX,Greenwood,CA,Canada,America/Halifax
YGZ,Grise Fiord,CA,Canada,America/Toronto
YHZ,Halifax,CA,Canada,America/Halifax
YUX,Hall Beach,CA,Canada,America/Toronto
YHM,Hamilton,CA,Canada,America/Toronto
YGV,Havre-Saint-Pierre,CA,Canada,America/Toronto
YHY,Hay River,CA,Canada,America/Edmonton
YHF,Hearst,CA,Canada,America/Toronto
YOJ,High Level,CA,Canada,America/Edmonton
YHI,Holman Island,CA,Canada,America/Edmonton
YHO,Hopedale,CA,Canada,America/Halifax
YHN,Hornepayne,CA,Canada,America/Toronto
YHB,Hudson Bay,CA,Canada,America/Regina
YGT,Igloolik,CA,Canada,America/Toronto
YGR,Iles De La Madeleine,CA,Canada,America/Toronto
ILF,Ilford,CA,Canada,America/Winnipeg
YPH,Inukjuak,CA,Canada,America/Toronto
YEV,Inuvik,CA,Canada,America/Edmonton
YFB,Iqaluit,CA,Canada,America/Toronto
YIV,Island Lake,CA,Canada,America/Winnipeg
YIK,Ivujivik,CA,Canada,America/Toronto
YKA,Kamloops,CA,Canada,America/Vancouver
XGR,Kangiqsualujjuaq,CA,Canada,America/Toronto
YWB,Kangiqsujuaq,CA,Canada,America/Toronto
YKG,Kangirsuk,CA,Canada,America/Toronto
YYU,Kapuskasing,CA,Canada,America/Toronto
XKS,Kasabonika,CA,Canada,America/Toronto
ZKE,Kashechewan,CA,Canada,America/Toronto
KEW,Keewaywin,CA,Canada,America/Winnipeg
ZKG,Kegaska,CA,Canada,America/Blanc-Sablon
YLW,Kelowna,CA,Canada,America/Vancouver
YQK,Kenora,CA,Canada,America/Winnipeg
YLC,Kimmirut,CA,Canada,America/Toronto
YKY,Kindersley,CA,Canada,America/Regina
KIF,Kingfisher Lake,CA,Canada,America/Toronto
YGK,Kingston,CA,Canada,America/Toronto
YKX,Kirkland Lake,CA,Canada,America/Toronto
YGW,Kuujjuarapik,CA,Canada,America/Toronto
YGL,La Grande Riviere,CA,Canada,America/Toronto
ZGS,La Romaine,CA,Canada,America/Blanc-Sablon
YVC,La Ronge,CA,Canada,America/Regina
ZLT,La Tabatière,CA,Canada,America/Blanc-Sablon
XLB,Lac Brochet,CA,Canada,America/Winnipeg
YLY,Langley Township,CA,Canada,America/Vancouver
YLH,Lansdowne House,CA,Canada,America/Toronto
YQL,Lethbridge,CA,Canada,America/Edmonton
ZGR,Little Grand Rapids,CA,Canada,America/Winnipeg
YLL,Lloydminster,CA,Canada,America/Edmonton
YXU,London,CA,Canada,America/Toronto
YBX,Lourdes-De-Blanc-Sablon,CA,Canada,America/Blanc-Sablon
YYL,Lynn Lake,CA,Canada,America/Winnipeg
YMN,Makkovik,CA,Canada,America/Halifax
YMG,Manitouwadge,CA,Canada,America/Toronto
YEM,Manitowaning,CA,Canada,America/Toronto
YMW,Maniwaki,CA,Canada,America/Toronto
YSP,Marathon,CA,Canada,America/Toronto
YMH,Mary's Harbour,CA,Canada,America/St_Johns
ZMT,Masset,CA,Canada,America/Vancouver
YNM,Matagami,CA,Canada,America/Toronto
YMA,Mayo,CA,Canada,America/Vancouver
YLJ,Meadow Lake,CA,Canada,America/Regina
YXH,Medicine Hat,CA,Canada,America/Edmonton
YQM,Moncton,CA,Canada,America/Halifax
YYY,Mont Joli,CA,Canada,America/Toronto
YTM,Mont-Tremblant,CA,Canada,America/Toronto
YHU,Montreal,CA,Canada,America/Toronto
YMX,Montreal,CA,Canada,America/Toronto
YUL,Montreal,CA,Canada,America/Toronto
YMJ,Moose Jaw,CA,Canada,America/Regina
YMO,Moosonee,CA,Canada,America/Toronto
YQA,Muskoka,CA,Canada,America/Toronto
MSA,Muskrat Dam,CA,Canada,America/Winnipeg
YDP,Nain,CA,Canada,America/Halifax
YQN,Nakina,CA,Canada,America/Toronto
YCD,Nanaimo,CA,Canada,America/Vancouver
ZNA,Nanaimo,CA,Canada,America/Vancouver
YSR,Nanisivik,CA,Canada,America/Toronto
YNA,Natashquan,CA,Canada,America/Toronto
YNP,Natuashish,CA,Canada,America/Halifax
YNS,Nemiscau,CA,Canada,America/Toronto
YVQ,Norman Wells,CA,Canada,America/Edmonton
YQW,North Battleford,CA,Canada,America/Regina
YYB,North Bay,CA,Canada,America/Toronto
YNO,North Spirit Lake,CA,Canada,America/Winnipeg
YNE,Norway House,CA,Canada,America/Winnipeg
YOG,Ogoki Post,CA,Canada,America/Toronto
YOC,Old Crow,CA,Canada,America/Vancouver
YOO,Oshawa,CA,Canada,America/Toronto
YOW,Ottawa,CA,Canada,America/Toronto
YOH,Oxford House,CA,Canada,America/Winnipeg
YXP,Pangnirtung,CA,Canada,America/Toronto
YPD,Parry Sound,CA,Canada,America/Toronto
YPC,Paulatuk,CA,Canada,America/Edmonton
YPE,Peace River,CA,Canada,America/Edmonton
YPO,Peawanuck,CA,Canada,America/Toronto
YBB,Pelly Bay,CA,Canada,America/Edmonton
YTA,Pembroke,CA,Canada,America/Toronto
YYF,Penticton,CA,Canada,America/Vancouver
YWA,Petawawa,CA,Canada,America/Toronto
YPQ,Peterborough,CA,Canada,America/Toronto
YPL,Pickle Lake,CA,Canada,America/Coral_Harbour
YPM,Pikangikum,CA,Canada,America/Winnipeg
YNL,Points North Landing,CA,Canada,America/Regina
YIO,Pond Inlet,CA,Canada,America/Toronto
YHP,Poplar Hill,CA,Canada,America/Winnipeg
YZT,Port Hardy,CA,Canada,America/Vancouver
YHA,Port Hope Simpson,CA,Canada,America/St_Johns
YPN,Port Menier,CA,Canada,America/Toronto
YPG,Portage-la-prairie,CA,Canada,America/Winnipeg
YSO,Postville,CA,Canada,America/Halifax
YPW,Powell River,CA,Canada,America/Vancouver
YPA,Prince Albert,CA,Canada,America/Regina
YXS,Prince George,CA,Canada,America/Vancouver
YPR,Prince Pupert,CA,Canada,America/Vancouver
ZSW,Prince Rupert,CA,Canada,America/Vancouver
YPX,Puvirnituq,CA,Canada,America/Toronto
YQC,Quaqtaq,CA,Canada,America/Toronto
YQB,Quebec,CA,Canada,America/Toronto
YQZ,Quesnel,CA,Canada,America/Vancouver
YVP,Quujjuaq,CA,Canada,America/Toronto
YOP,Rainbow Lake,CA,Canada,America/Edmonton
YRT,Rankin Inlet,CA,Canada,America/Winnipeg
YQF,Red Deer Industrial,CA,Canada,America/Edmonton
YRL,Red Lake,CA,Canada,America/Winnipeg
YRS,Red Sucker Lake,CA,Canada,America/Winnipeg
YQR,Regina,CA,Canada,America/Regina
YUT,Repulse Bay,CA,Canada,America/Winnipeg
YRB,Resolute,CA,Canada,America/Winnipeg
YRV,Revelstoke,CA,Canada,America/Vancouver
YRG,Rigolet,CA,Canada,America/Halifax
YXK,Rimouski,CA,Canada,America/Toronto
YRI,Riviere Du Loup,CA,Canada,America/Toronto
YRJ,Roberval,CA,Canada,America/Toronto
YRM,Rocky Mountain House,CA,Canada,America/Edmonton
ZRJ,Round Lake,CA,Canada,America/Winnipeg
YUY,Rouyn,CA,Canada,America/Toronto
ZPB,Sachigo Lake,CA,Canada,America/Winnipeg
YSY,Sachs Harbour,CA,Canada,America/Edmonton
YCM,Saint Catherines,CA,Canada,America/Toronto
YZG,Salluit,CA,Canada,America/Toronto
YZP,Sandspit,CA,Canada,America/Vancouver
ZSJ,Sandy Lake,CA,Canada,America/Winnipeg
YZR,Sarnia,CA,Canada,America/Toronto
YXE,Saskatoon,CA,Canada,America/Regina
YAM,Sault Sainte Marie,CA,Canada,America/Toronto
YKL,Schefferville,CA,Canada,America/Toronto
YZV,Sept-iles,CA,Canada,America/Toronto
ZTM,Shamattawa,CA,Canada,America/Winnipeg
YSC,Sherbrooke,CA,Canada,America/Toronto
YXL,Sioux Lookout,CA,Canada,America/Winnipeg
YZH,Slave Lake,CA,Canada,America/Edmonton
YYD,Smithers,CA,Canada,America/Vancouver
XSI,South Indian Lake,CA,Canada,America/Winnipeg
YYH,Spence Bay,CA,Canada,America/Edmonton
YIF,St-Augustin,CA,Canada,America/Blanc-Sablon
YAY,St. Anthony,CA,Canada,America/St_Johns
YJN,St. Jean,CA,Canada,America/Toronto
YSJ,St. John,CA,Canada,America/Halifax
YYT,St. John's,CA,Canada,America/St_Johns
YFX,St. Lewis,CA,Canada,America/St_Johns
YST,St. Theresa Point,CA,Canada,America/Winnipeg
YJT,Stephenville,CA,Canada,America/St_Johns
YSF,Stony Rapids,CA,Canada,America/Regina
YSB,Sudbury,CA,Canada,America/Toronto
YSD,Suffield,CA,Canada,America/Edmonton
SUR,Summer Beaver,CA,Canada,America/Toronto
YSU,Summerside,CA,Canada,America/Halifax
ZJN,Swan River,CA,Canada,America/Winnipeg
YYN,Swift Current,CA,Canada,America/Regina
YQY,Sydney,CA,Canada,America/Halifax
XTL,Tadoule Lake,CA,Canada,America/Winnipeg
YTQ,Tasiujaq,CA,Canada,America/Toronto
YXT,Terrace,CA,Canada,America/Vancouver
YZW,Teslin,CA,Canada,America/Vancouver
YGB,Texada,CA,Canada,America/Vancouver
YQD,The Pas,CA,Canada,America/Winnipeg
YTH,Thompson,CA,Canada,America/Winnipeg
YQT,Thunder Bay,CA,Canada,America/Toronto
YTS,Timmins,CA,Canada,America/Toronto
YAZ,Tofino,CA,Canada,America/Vancouver
YKZ,Toronto,CA,Canada,America/Toronto
YTZ,Toronto,CA,Canada,America/Toronto
YYZ,Toronto,CA,Canada,America/Toronto
YZD,Toronto,CA,Canada,America/Toronto
YZZ,Trail,CA,Canada,America/Vancouver
YTR,Trenton,CA,Canada,America/Toronto
YRQ,Trois Rivieres,CA,Canada,America/Toronto
YUB,Tuktoyaktuk,CA,Canada,America/Edmonton
ZFN,Tulita,CA,Canada,America/Edmonton
ZTB,Tête-à-la-Baleine,CA,Canada,America/Blanc-Sablon
YUD,Umiujaq,CA,Canada,America/Toronto
YBE,Uranium City,CA,Canada,America/Regina
YVO,Val D'or,CA,Canada,America/Toronto
CXH,Vancouver,CA,Canada,America/Vancouver
YVR,Vancouver,CA,Canada,America/Vancouver
YVG,Vermillion,CA,Canada,America/Edmonton
YWH,Victoria,CA,Canada,America/Vancouver
YYJ,Victoria,CA,Canada,America/Vancouver
YWK,Wabush,CA,Canada,America/Halifax
YKQ,Waskaganish,CA,Canada,America/Toronto
YKF,Waterloo,CA,Canada,America/Toronto
YQH,Watson Lake,CA,Canada,America/Vancouver
YXZ,Wawa,CA,Canada,America/Toronto
YWP,Webequie,CA,Canada,America/Toronto
YFJ,Wekweeti,CA,Canada,America/Edmonton
YNC,Wemindji,CA,Canada,America/Toronto
YXN,Whale Cove,CA,Canada,America/Winnipeg
YLE,Whatì,CA,Canada,America/Edmonton
YWS,Whistler,CA,Canada,America/Vancouver
YZU,Whitecourt,CA,Canada,America/Edmonton
YXY,Whitehorse,CA,Canada,America/Vancouver
YVV,Wiarton,CA,Canada,America/Toronto
YWM,Williams Harbour,CA,Canada,America/St_Johns
YWL,Williams Lake,CA,Canada,America/Vancouver
YQG,Windsor,CA,Canada,America/Toronto
YWG,Winnipeg,CA,Canada,America/Winnipeg
ZWL,Wollaston Lake,CA,Canada,America/Regina
YWY,Wrigley,CA,Canada,America/Edmonton
WNN,Wunnumin Lake,CA,Canada,America/Toronto
YQI,Yarmouth,CA,Canada,America/Halifax
YZF,Yellowknife,CA,Canada,America/Edmonton
ZAC,York Landing,CA,Canada,America/Winnipeg
YQV,Yorkton,CA,Canada,America/Regina
SID,Amilcar Cabral,CV,Cape Verde,Atlantic/Cape_Verde
BVC,Boa Vista,CV,Cape Verde,Atlantic/Cape_Verde
MMO,Maio,CV,Cape Verde,Atlantic/Cape_Verde
RAI,"Praia, Santiago Island",CV,Cape Verde,Atlantic/Cape_Verde
SFL,"Sao Filipe, Fogo Island",CV,Cape Verde,Atlantic/Cape_Verde
SNE,Sao Nocolau Island,CV,Cape Verde,Atlantic/Cape_Verde
VXE,Sao Vicente Island,CV,Cape Verde,Atlantic/Cape_Verde
CYB,Cayman Brac,KY,Cayman Islands,America/Cayman
GCM,Georgetown,KY,Cayman Islands,America/Cayman
LYB,Little Cayman,KY,Cayman Islands,America/Cayman
BGF,Bangui,CF,Central African Republic,Africa/Bangui
BBT,Berberati,CF,Central African Republic,Africa/Bangui
AEH,Abeche,TD,Chad,Africa/Ndjamena
AMC,Am Timan,TD,Chad,Africa/Ndjamena
FYT,Faya-largeau,TD,Chad,Africa/Ndjamena
MQQ,Moundou,TD,Chad,Africa/Ndjamena
NDJ,N'djamena,TD,Chad,Africa/Ndjamena
SRH,Sarh,TD,Chad,Africa/Ndjamena
ANF,Antofagasta,CL,Chile,America/Santiago
ARI,Arica,CL,Chile,America/Santiago
BBA,Balmaceda,CL,Chile,America/Santiago
CJC,Calama,CL,Chile,America/Santiago
MHC,Castro,CL,Chile,America/Santiago
WCH,Chaiten,CL,Chile,America/Santiago
CCH,Chile Chico,CL,Chile,America/Santiago
YAI,Chillan,CL,Chile,America/Santiago
CCP,Concepcion,CL,Chile,America/Santiago
GXQ,Coyhaique,CL,Chile,America/Santiago
IPC,Easter Island,CL,Chile,Pacific/Easter
ESR,El Salvador,CL,Chile,America/Santiago
FFU,Futaleufu,CL,Chile,America/Santiago
IQQ,Iquique,CL,Chile,America/Santiago
LSC,La Serena,CL,Chile,America/Santiago
LSQ,Los Angeles,CL,Chile,America/Santiago
ZOS,Osorno,CL,Chile,America/Santiago
WPR,Porvenir,CL,Chile,America/Santiago
ZPC,Pucon,CL,Chile,America/Santiago
PMC,Puerto Montt,CL,Chile,America/Santiago
PNT,Puerto Natales,CL,Chile,America/Santiago
WPU,Puerto Williams,CL,Chile,America/Santiago
PUQ,Punta Arenas,CL,Chile,America/Santiago
QRC,Rancagua,CL,Chile,America/Santiago
SCL,Santiago,CL,Chile,America/Santiago
PZS,Temuco,CL,Chile,America/Santiago
ZAL,Valdivia,CL,Chile,America/Santiago
VLR,Vallenar,CL,Chile,America/Santiago
KNA,Vina del Mar,CL,Chile,America/Santiago
AKU,Aksu,CN,China,Asia/Shanghai
AAT,Altay,CN,China,Asia/Shanghai
AKA,Ankang,CN,China,Asia/Shanghai
AQG,Anqing,CN,China,Asia/Shanghai
AOG,Anshan,CN,China,Asia/Shanghai
AVA,Anshun,CN,China,Asia/Shanghai
AEB,Baise,CN,China,Asia/Shanghai
NBS,Baishan,CN,China,Asia/Shanghai
BPX,Bangda,CN,China,Asia/Shanghai
BSD,Baoshan,CN,China,Asia/Shanghai
BAV,Baotou,CN,China,Asia/Shanghai
RLK,Bayannur,CN,China,Asia/Shanghai
BHY,Beihai,CN,China,Asia/Shanghai
NAY,Beijing,CN,China,Asia/Shanghai
PEK,Beijing,CN,China,Asia/Shanghai
BFJ,Bijie,CN,China,Asia/Shanghai
KJI,Burqin,CN,China,Asia/Shanghai
CSX,Changcha,CN,China,Asia/Shanghai
CGQ,Changchun,CN,China,Asia/Shanghai
CGD,Changde,CN,China,Asia/Shanghai
CNI,Changhai,CN,China,Asia/Shanghai
CIH,Changzhi,CN,China,Asia/Shanghai
CZX,Changzhou,CN,China,Asia/Shanghai
CHG,Chaoyang,CN,China,Asia/Shanghai
CTU,Chengdu,CN,China,Asia/Shanghai
CIF,Chifeng,CN,China,Asia/Shanghai
JUH,Chizhou,CN,China,Asia/Shanghai
CKG,Chongqing,CN,China,Asia/Shanghai
DLU,Dali,CN,China,Asia/Shanghai
DLC,Dalian,CN,China,Asia/Shanghai
DDG,Dandong,CN,China,Asia/Shanghai
DCY,Daocheng,CN,China,Asia/Shanghai
DQA,Daqing,CN,China,Asia/Shanghai
DAT,Datong,CN,China,Asia/Shanghai
DYG,Dayong,CN,China,Asia/Shanghai
DAX,Dazhou,CN,China,Asia/Shanghai
DSN,Dongsheng,CN,China,Asia/Shanghai
DOY,Dongying,CN,China,Asia/Shanghai
DNH,Dunhuang,CN,China,Asia/Shanghai
ENH,Enshi,CN,China,Asia/Shanghai
FUO,Foshan,CN,China,Asia/Shanghai
FUG,Fuyang,CN,China,Asia/Shanghai
FOC,Fuzhou,CN,China,Asia/Shanghai
KOW,Ganzhou,CN,China,Asia/Shanghai
GOQ,Golmud,CN,China,Asia/Shanghai
GYS,Guangyuan,CN,China,Asia/Shanghai
CAN,Guangzhou,CN,China,Asia/Shanghai
KWL,Guilin,CN,China,Asia/Shanghai
KWE,Guiyang,CN,China,Asia/Shanghai
GYU,Guyuan,CN,China,Asia/Shanghai
HAK,Haikou,CN,China,Asia/Shanghai
HLD,Hailar,CN,China,Asia/Shanghai
HMI,Hami,CN,China,Asia/Shanghai
HDG,Handan,CN,China,Asia/Shanghai
HGH,Hangzhou,CN,China,Asia/Shanghai
HZG,Hanzhong,CN,China,Asia/Shanghai
HRB,Harbin,CN,China,Asia/Shanghai
HFE,Hefei,CN,China,Asia/Shanghai
HEK,Heihe,CN,China,Asia/Shanghai
HET,Hohhot,CN,China,Asia/Shanghai
HTN,Hotan,CN,China,Asia/Shanghai
HIA,Huai An,CN,China,Asia/Shanghai
TXN,Huangshan,CN,China,Asia/Shanghai
HYN,Huangyan,CN,China,Asia/Shanghai
HUZ,Huizhou,CN,China,Asia/Shanghai
JGD,Jiagedaqi District,CN,China,Asia/Shanghai
JMU,Jiamusi,CN,China,Asia/Shanghai
JGS,Jian,CN,China,Asia/Shanghai
JGN,Jiayuguan,CN,China,Asia/Shanghai
TNA,Jinan,CN,China,Asia/Shanghai
JDZ,Jingdezhen,CN,China,Asia/Shanghai
JHG,Jinghonggasa,CN,China,Asia/Shanghai
JNG,Jining,CN,China,Asia/Shanghai
JNZ,Jinzhou,CN,China,Asia/Shanghai
JIU,Jiujiang,CN,China,Asia/Shanghai
JZH,Jiuzhaigou,CN,China,Asia/Shanghai
JXA,Jixi,CN,China,Asia/Shanghai
KGT,Kangding,CN,China,Asia/Shanghai
KRY,Karamay,CN,China,Asia/Shanghai
KHG,Kashi,CN,China,Asia/Shanghai
KRL,Korla,CN,China,Asia/Shanghai
KMG,Kunming,CN,China,Asia/Shanghai
KCA,Kuqa,CN,China,Asia/Shanghai
LHW,Lanzhou,CN,China,Asia/Shanghai
LXA,Lhasa,CN,China,Asia/Shanghai
LYG,Lianyungang,CN,China,Asia/Shanghai
LJG,Lijiang,CN,China,Asia/Shanghai
LNJ,Lincang,CN,China,Asia/Shanghai
LYI,Linyi,CN,China,Asia/Shanghai
HZH,Liping,CN,China,Asia/Shanghai
LZH,Liuzhou,CN,China,Asia/Shanghai
LCX,Longyan,CN,China,Asia/Shanghai
LYA,Luoyang,CN,China,Asia/Shanghai
LUM,Luxi,CN,China,Asia/Shanghai
LZO,Luzhou,CN,China,Asia/Shanghai
LLV,Lvliang,CN,China,Asia/Shanghai
NZH,Manzhouli,CN,China,Asia/Shanghai
MXZ,Meixian,CN,China,Asia/Shanghai
MIG,Mianyang,CN,China,Asia/Shanghai
OHE,Mohe County,CN,China,Asia/Shanghai
MDG,Mudanjiang,CN,China,Asia/Shanghai
KHN,Nanchang,CN,China,Asia/Shanghai
NAO,Nanchong,CN,China,Asia/Shanghai
NKG,Nanjing,CN,China,Asia/Shanghai
NNG,Nanning,CN,China,Asia/Shanghai
NNY,Nanyang,CN,China,Asia/Shanghai
NGB,Ninbo,CN,China,Asia/Shanghai
LZY,Nyingchi,CN,China,Asia/Shanghai
PZI,Panzhihua,CN,China,Asia/Shanghai
JIQ,Qianjiang,CN,China,Asia/Shanghai
IQM,Qiemo,CN,China,Asia/Shanghai
TAO,Qingdao,CN,China,Asia/Shanghai
IQN,Qingyang,CN,China,Asia/Shanghai
SHP,Qinhuangdao,CN,China,Asia/Shanghai
NDG,Qiqihar,CN,China,Asia/Shanghai
JJN,Quanzhou,CN,China,Asia/Shanghai
JUZ,Quzhou,CN,China,Asia/Shanghai
SYX,Sanya,CN,China,Asia/Shanghai
PVG,Shanghai,CN,China,Asia/Shanghai
SHA,Shanghai,CN,China,Asia/Shanghai
DIG,Shangri-La,CN,China,Asia/Shanghai
SWA,Shantou,CN,China,Asia/Shanghai
SHE,Shenyang,CN,China,Asia/Shanghai
SZX,Shenzhen,CN,China,Asia/Shanghai
RKZ,Shigatse,CN,China,Asia/Shanghai
SJW,Shijiazhuang,CN,China,Asia/Shanghai
NGQ,Shiquanhe,CN,China,Asia/Shanghai
SYM,Simao,CN,China,Asia/Shanghai
SZV,Suzhou,CN,China,Asia/Shanghai
TCG,Tacheng,CN,China,Asia/Shanghai
TYN,Taiyuan,CN,China,Asia/Shanghai
TCZ,Tengchong,CN,China,Asia/Shanghai
TSN,Tianjin,CN,China,Asia/Shanghai
THQ,Tianshui,CN,China,Asia/Shanghai
TNH,Tonghua,CN,China,Asia/Shanghai
TGO,Tongliao,CN,China,Asia/Shanghai
TEN,Tongren,CN,China,Asia/Shanghai
TLQ,Turpan,CN,China,Asia/Shanghai
HLH,Ulanhot,CN,China,Asia/Shanghai
URC,Urumqi,CN,China,Asia/Shanghai
WXN,Wanxian,CN,China,Asia/Shanghai
WEF,Weifang,CN,China,Asia/Shanghai
WEH,Weihai,CN,China,Asia/Shanghai
WNZ,Wenzhou,CN,China,Asia/Shanghai
WUA,Wuhai,CN,China,Asia/Shanghai
WUH,Wuhan,CN,China,Asia/Shanghai
WUX,Wuxi,CN,China,Asia/Shanghai
WUS,Wuyishan,CN,China,Asia/Shanghai
WUZ,Wuzhou,CN,China,Asia/Shanghai
XIY,Xi'an,CN,China,Asia/Shanghai
SIA,Xi\'AN,CN,China,Asia/Shanghai
GXH,Xiahe city,CN,China,Asia/Shanghai
XMN,Xiamen,CN,China,Asia/Shanghai
XFN,Xiangfan,CN,China,Asia/Shanghai
XIC,Xichang,CN,China,Asia/Shanghai
XIL,Xilinhot,CN,China,Asia/Shanghai
ACX,Xingyi,CN,China,Asia/Shanghai
XNN,Xining,CN,China,Asia/Shanghai
NLT,Xinyuan,CN,China,Asia/Shanghai
XUZ,Xuzhou,CN,China,Asia/Shanghai
ENY,Yan'an,CN,China,Asia/Shanghai
YNZ,Yancheng,CN,China,Asia/Shanghai
YTY,Yangzhou,CN,China,Asia/Shanghai
YNJ,Yanji,CN,China,Asia/Shanghai
YNT,Yantai,CN,China,Asia/Shanghai
YBP,Yibin,CN,China,Asia/Shanghai
YIH,Yichang,CN,China,Asia/Shanghai
YIC,Yichun,CN,China,Asia/Shanghai
LDS,Yinchun,CN,China,Asia/Shanghai
YIN,Yining,CN,China,Asia/Shanghai
YIW,Yiwu,CN,China,Asia/Shanghai
LLF,Yongzhou,CN,China,Asia/Shanghai
UYN,Yulin,CN,China,Asia/Shanghai
YCU,Yuncheng,CN,China,Asia/Shanghai
YUS,Yushu,CN,China,Asia/Shanghai
YZY,Zhangye,CN,China,Asia/Shanghai
ZHA,Zhanjiang,CN,China,Asia/Shanghai
ZAT,Zhaotong,CN,China,Asia/Shanghai
CGO,Zhengzhou,CN,China,Asia/Shanghai
HJJ,Zhijiang,CN,China,Asia/Shanghai
ZHY,Zhongwei,CN,China,Asia/Shanghai
HSN,Zhoushan,CN,China,Asia/Shanghai
ZUH,Zhuhai,CN,China,Asia/Shanghai
ZYI,Zunyi,CN,China,Asia/Shanghai
XCH,Christmas Island,CX,Christmas Island,Indian/Christmas
CCK,Cocos Keeling Island,CC,Cocos (Keeling) Islands,Indian/Cocos
ACD,Acandi,CO,Colombia,America/Bogota
ACR,Araracuara,CO,Colombia,America/Bogota
AUC,Arauca,CO,Colombia,America/Bogota
AXM,Armenia,CO,Colombia,America/Bogota
BSC,Bahia Solano,CO,Colombia,America/Bogota
EJA,Barrancabermeja,CO,Colombia,America/Bogota
BAQ,Barranquilla,CO,Colombia,America/Bogota
BOG,Bogota,CO,Colombia,America/Bogota
BGA,Bucaramanga,CO,Colombia,America/Bogota
BUN,Buenaventura,CO,Colombia,America/Bogota
CLO,Cali,CO,Colombia,America/Bogota
CPB,Capurgana,CO,Colombia,America/Bogota
APO,Carepa,CO,Colombia,America/Bogota
CTG,Cartagena,CO,Colombia,America/Bogota
CRC,Cartago,CO,Colombia,America/Bogota
CAQ,Caucasia,CO,Colombia,America/Bogota
COG,Condoto,CO,Colombia,America/Bogota
CZU,Corozal,CO,Colombia,America/Bogota
CUC,Cucuta,CO,Colombia,America/Bogota
EBG,El Bagre,CO,Colombia,America/Bogota
ELB,El Banco,CO,Colombia,America/Bogota
FLA,Florencia,CO,Colombia,America/Bogota
GIR,Girardot,CO,Colombia,America/Bogota
GPI,Guapi,CO,Colombia,America/Bogota
IBE,Ibague,CO,Colombia,America/Bogota
IPI,Ipiales,CO,Colombia,America/Bogota
MCJ,La Mina,CO,Colombia,America/Bogota
LPD,La Pedrera,CO,Colombia,America/Bogota
LET,Leticia,CO,Colombia,America/Bogota
MGN,Magangue,CO,Colombia,America/Bogota
MZL,Manizales,CO,Colombia,America/Bogota
MQU,Mariquita,CO,Colombia,America/Bogota
EOH,Medellin,CO,Colombia,America/Bogota
MVP,Mitu,CO,Colombia,America/Bogota
MTR,Monteria,CO,Colombia,America/Bogota
NVA,Neiva,CO,Colombia,America/Bogota
NQU,Nuquí,CO,Colombia,America/Bogota
OCV,Ocana,CO,Colombia,America/Bogota
OTU,Otu,CO,Colombia,America/Bogota
PSO,Pasto,CO,Colombia,America/Bogota
PEI,Pereira,CO,Colombia,America/Bogota
PTX,Pitalito,CO,Colombia,America/Bogota
PPN,Popayan,CO,Colombia,America/Bogota
PVA,Providencia,CO,Colombia,America/Bogota
PUU,Puerto Asis,CO,Colombia,America/Bogota
PCR,Puerto Carreno,CO,Colombia,America/Bogota
PDA,Puerto Inírida,CO,Colombia,America/Bogota
LQM,Puerto Leguízamo,CO,Colombia,America/Bogota
UIB,Quibdo,CO,Colombia,America/Bogota
RCH,Rio Hacha,CO,Colombia,America/Bogota
MDE,Rio Negro,CO,Colombia,America/Bogota
ADZ,San Andres Island,CO,Colombia,America/Bogota
SJE,San Jose Del Guaviare,CO,Colombia,America/Bogota
SVI,San Vincente De Caguan,CO,Colombia,America/Bogota
SMR,Santa Marta,CO,Colombia,America/Bogota
RVE,Saravena,CO,Colombia,America/Bogota
TME,Tame,CO,Colombia,America/Bogota
TLU,Tolu,CO,Colombia,America/Bogota
ULQ,Tulua,CO,Colombia,America/Bogota
TCO,Tumaco,CO,Colombia,America/Bogota
VUP,Valledupar,CO,Colombia,America/Bogota
VGZ,Villa Garzon,CO,Colombia,America/Bogota
VVC,Villavicencio,CO,Colombia,America/Bogota
EYP,Yopal,CO,Colombia,America/Bogota
AJN,Anjouan,KM,Comoros,Indian/Comoro
NWA,Moheli,KM,Comoros,Indian/Comoro
HAH,Moroni,KM,Comoros,Indian/Comoro
YVA,Moroni,KM,Comoros,Indian/Comoro
AIT,Aitutaki,CK,Cook Islands,Pacific/Rarotonga
AIU,Atiu Island,CK,Cook Islands,Pacific/Rarotonga
RAR,Avarua,CK,Cook Islands,Pacific/Rarotonga
MGS,Mangaia Island,CK,Cook Islands,Pacific/Rarotonga
MHX,Manihiki Island,CK,Cook Islands,Pacific/Rarotonga
MUK,Mauke Island,CK,Cook Islands,Pacific/Rarotonga
MOI,Mitiaro Island,CK,Cook Islands,Pacific/Rarotonga
PYE,Penrhyn Island,CK,Cook Islands,Pacific/Rarotonga
BAI,Buenos Aires,CR,Costa Rica,America/Costa_Rica
PLD,Carrillo,CR,Costa Rica,America/Costa_Rica
JAP,Chacarita,CR,Costa Rica,America/Costa_Rica
OTR,Coto 47,CR,Costa Rica,America/Costa_Rica
GLF,Golfito,CR,Costa Rica,America/Costa_Rica
GPL,Guapiles,CR,Costa Rica,America/Costa_Rica
FON,La Fortuna/San Carlos,CR,Costa Rica,America/Costa_Rica
LIR,Liberia,CR,Costa Rica,America/Costa_Rica
LIO,Limon,CR,Costa Rica,America/Costa_Rica
LSL,Los Chiles,CR,Costa Rica,America/Costa_Rica
PBP,Nandayure,CR,Costa Rica,America/Costa_Rica
TMU,Nicoya,CR,Costa Rica,America/Costa_Rica
NOB,Nosara Beach,CR,Costa Rica,America/Costa_Rica
PMZ,Palmar Sur,CR,Costa Rica,America/Costa_Rica
BCL,Pococi,CR,Costa Rica,America/Costa_Rica
PJM,Puerto Jimenez,CR,Costa Rica,America/Costa_Rica
DRK,Puntarenas,CR,Costa Rica,America/Costa_Rica
XQP,Quepos,CR,Costa Rica,America/Costa_Rica
TTQ,Roxana,CR,Costa Rica,America/Costa_Rica
SJO,San Jose,CR,Costa Rica,America/Costa_Rica
SYQ,San Jose,CR,Costa Rica,America/Costa_Rica
TOO,San Vito De Jaba,CR,Costa Rica,America/Costa_Rica
ABJ,Abidjan,CI,Cote d'Ivoire,Africa/Abidjan
BYK,Bouake,CI,Cote d'Ivoire,Africa/Abidjan
DJO,Daloa,CI,Cote d'Ivoire,Africa/Abidjan
HGO,Korhogo,CI,Cote d'Ivoire,Africa/Abidjan
MJC,Man,CI,Cote d'Ivoire,Africa/Abidjan
SPY,San Pedro,CI,Cote d'Ivoire,Africa/Abidjan
ASK,Yamoussoukro,CI,Cote d'Ivoire,Africa/Abidjan
BWK,Brac,HR,Croatia,Europe/Zagreb
DBV,Dubrovnik,HR,Croatia,Europe/Zagreb
LSZ,Mali Losinj,HR,Croatia,Europe/Zagreb
OSI,Osijek,HR,Croatia,Europe/Zagreb
PUY,Pula,HR,Croatia,Europe/Zagreb
RJK,Rijeka,HR,Croatia,Europe/Zagreb
SPU,Split,HR,Croatia,Europe/Zagreb
ZAD,Zadar,HR,Croatia,Europe/Zagreb
ZAG,Zagreb,HR,Croatia,Europe/Zagreb
BCA,Baracoa Playa,CU,Cuba,America/Havana
UPB,Baracoa Playa,CU,Cuba,America/Havana
BYM,Bayamo,CU,Cuba,America/Havana
CMW,Camaguey,CU,Cuba,America/Havana
CYO,Cayo Largo del Sur,CU,Cuba,America/Havana
AVI,Ciego De Avila,CU,Cuba,America/Havana
CFG,Cienfuegos,CU,Cuba,America/Havana
CCC,Cunagua,CU,Cuba,America/Havana
GAO,Guantanamo,CU,Cuba,America/Havana
HAV,Havana,CU,Cuba,America/Havana
HOG,Holguin,CU,Cuba,America/Havana
VRO,Kawama,CU,Cuba,America/Havana
LCL,La Coloma,CU,Cuba,America/Havana
VTU,Las Tunas,CU,Cuba,America/Havana
MZO,Manzanillo,CU,Cuba,America/Havana
MOA,Moa,CU,Cuba,America/Havana
GER,Nueva Gerona,CU,Cuba,America/Havana
QPD,Pinar Del Rio Norte,CU,Cuba,America/Havana
USS,Sancti Spiritus,CU,Cuba,America/Havana
SNU,Santa Clara,CU,Cuba,America/Havana
SCU,Santiago De Cuba,CU,Cuba,America/Havana
SZJ,Siguanea,CU,Cuba,America/Havana
TND,Trinidad,CU,Cuba,America/Havana
VRA,Varadero,CU,Cuba,America/Havana
CUR,Willemstad,CW,Curacao,America/Curacao
AKT,Akrotiri,CY,Cyprus,Europe/London
LCA,Larnaca,CY,Cyprus,Asia/Nicosia
ECN,Nicosia,CY,Cyprus,Asia/Nicosia
PFO,Paphos,CY,Cyprus,Asia/Nicosia
BRQ,Brno,CZ,Czech Republic,Europe/Prague
KLV,Karlovy Vary,CZ,Czech Republic,Europe/Prague
UHE,Kunovice,CZ,Czech Republic,Europe/Prague
OSR,Ostrava,CZ,Czech Republic,Europe/Prague
PED,Pardubice,CZ,Czech Republic,Europe/Prague
PRG,Prague,CZ,Czech Republic,Europe/Prague
PRV,Prerov,CZ,Czech Republic,Europe/Prague
VOD,Vodochody,CZ,Czech Republic,Europe/Prague
FDU,Bandoundu,CD,Democratic Republic of the Congo,Africa/Kinshasa
BSU,Basankusu,CD,Democratic Republic of the Congo,Africa/Kinshasa
BOA,Boma,CD,Democratic Republic of the Congo,Africa/Kinshasa
BKY,Bukavu/kavumu,CD,Democratic Republic of the Congo,Africa/Lubumbashi
BUX,Bunia,CD,Democratic Republic of the Congo,Africa/Lubumbashi
BZU,Buta Zega,CD,Democratic Republic of the Congo,Africa/Lubumbashi
BDT,Gbadolite,CD,Democratic Republic of the Congo,Africa/Kinshasa
GMA,Gemena,CD,Democratic Republic of the Congo,Africa/Kinshasa
GOM,Goma,CD,Democratic Republic of the Congo,Africa/Kigali
PFR,Ilebo,CD,Democratic Republic of the Congo,Africa/Lubumbashi
INO,Inongo,CD,Democratic Republic of the Congo,Africa/Kinshasa
IRP,Isiro,CD,Democratic Republic of the Congo,Africa/Lubumbashi
FMI,Kalemie,CD,Democratic Republic of the Congo,Africa/Lubumbashi
KMN,Kamina Base,CD,Democratic Republic of the Congo,Africa/Lubumbashi
KGA,Kananga,CD,Democratic Republic of the Congo,Africa/Lubumbashi
KKW,Kikwit,CD,Democratic Republic of the Congo,Africa/Kinshasa
KND,Kindu,CD,Democratic Republic of the Congo,Africa/Lubumbashi
FIH,Kinshasa,CD,Democratic Republic of the Congo,Africa/Kinshasa
NLO,Kinshasa,CD,Democratic Republic of the Congo,Africa/Kinshasa
KRZ,Kiri,CD,Democratic Republic of the Congo,Africa/Kinshasa
FKI,Kisangani,CD,Democratic Republic of the Congo,Africa/Lubumbashi
KWZ,Kolwezi,CD,Democratic Republic of the Congo,Africa/Lubumbashi
KLI,Kotakoli,CD,Democratic Republic of the Congo,Africa/Kinshasa
LIQ,Lisala,CD,Democratic Republic of the Congo,Africa/Kinshasa
LJA,Lodja,CD,Democratic Republic of the Congo,Africa/Lubumbashi
FBM,Lubumashi,CD,Democratic Republic of the Congo,Africa/Lubumbashi
MAT,Matadi,CD,Democratic Republic of the Congo,Africa/Kinshasa
MDK,Mbandaka,CD,Democratic Republic of the Congo,Africa/Kinshasa
MJM,Mbuji-mayi,CD,Democratic Republic of the Congo,Africa/Lubumbashi
MNB,Muanda,CD,Democratic Republic of the Congo,Africa/Kinshasa
NIO,Nioki,CD,Democratic Republic of the Congo,Africa/Kinshasa
OUE,Ouesso,CD,Democratic Republic of the Congo,Africa/Brazzaville
FTX,Owando,CD,Democratic Republic of the Congo,Africa/Brazzaville
TSH,Tshikapa,CD,Democratic Republic of the Congo,Africa/Lubumbashi
AAL,Aalborg,DK,Denmark,Europe/Copenhagen
AAR,Aarhus,DK,Denmark,Europe/Copenhagen
BLL,Billund,DK,Denmark,Europe/Copenhagen
CPH,Copenhagen,DK,Denmark,Europe/Copenhagen
RKE,Copenhagen,DK,Denmark,Europe/Copenhagen
EBJ,Esbjerg,DK,Denmark,Europe/Copenhagen
KRP,Karup,DK,Denmark,Europe/Copenhagen
BYR,Laeso,DK,Denmark,Europe/Copenhagen
MRW,Maribo,DK,Denmark,Europe/Copenhagen
ODE,Odense,DK,Denmark,Europe/Copenhagen
RNN,Ronne,DK,Denmark,Europe/Copenhagen
CNL,Sindal,DK,Denmark,Europe/Copenhagen
SQW,Skive,DK,Denmark,Europe/Copenhagen
SKS,Skrydstrup,DK,Denmark,Europe/Copenhagen
SGD,Soenderborg,DK,Denmark,Europe/Copenhagen
STA,Stauning,DK,Denmark,Europe/Copenhagen
TED,Thisted,DK,Denmark,Europe/Copenhagen
JIB,Djibouti,DJ,Djibouti,Africa/Djibouti
OBC,Obock,DJ,Djibouti,Africa/Djibouti
TDJ,Tadjoura,DJ,Djibouti,Africa/Djibouti
DCF,Canefield,DM,Dominica,America/Dominica
DOM,Dominica,DM,Dominica,America/Dominica
BRX,Barahona,DO,Dominican Republic,America/Santo_Domingo
CBJ,Cabo Rojo,DO,Dominican Republic,America/Santo_Domingo
COZ,Constanza,DO,Dominican Republic,America/Santo_Domingo
JBQ,La Isabela,DO,Dominican Republic,America/Santo_Domingo
LRM,La Romana,DO,Dominican Republic,America/Santo_Domingo
POP,Puerto Plata,DO,Dominican Republic,America/Santo_Domingo
PUJ,Punta Cana,DO,Dominican Republic,America/Santo_Domingo
AZS,Samana,DO,Dominican Republic,America/Santo_Domingo
STI,Santiago,DO,Dominican Republic,America/Santo_Domingo
HEX,Santo Domingo,DO,Dominican Republic,America/Santo_Domingo
SDQ,Santo Domingo,DO,Dominican Republic,America/Santo_Domingo
ATF,Ambato,EC,Ecuador,America/Guayaquil
OCC,Coca,EC,Ecuador,America/Guayaquil
CUE,Cuenca,EC,Ecuador,America/Guayaquil
ESM,Esmeraldas,EC,Ecuador,America/Guayaquil
GPS,Galapagos,EC,Ecuador,Pacific/Galapagos
GYE,Guayaquil,EC,Ecuador,America/Guayaquil
IBB,Isabela,EC,Ecuador,Pacific/Galapagos
LOH,La Toma (Catamayo),EC,Ecuador,America/Guayaquil
LTX,Latacunga,EC,Ecuador,America/Guayaquil
MRR,Macara,EC,Ecuador,America/Guayaquil
XMS,Macas,EC,Ecuador,America/Guayaquil
MCH,Machala,EC,Ecuador,America/Guayaquil
MEC,Manta,EC,Ecuador,America/Guayaquil
PTZ,Pastaza,EC,Ecuador,America/Guayaquil
PVO,Portoviejo,EC,Ecuador,America/Guayaquil
UIO,Quito,EC,Ecuador,America/Guayaquil
SNC,Salinas,EC,Ecuador,America/Guayaquil
SCY,San Cristóbal,EC,Ecuador,Pacific/Galapagos
ETR,Santa Rosa,EC,Ecuador,America/Guayaquil
TPC,Tarapoa,EC,Ecuador,America/Guayaquil
TPN,Tiputini,EC,Ecuador,America/Guayaquil
TUA,Tulcan,EC,Ecuador,America/Guayaquil
ABS,Abu Simbel,EG,Egypt,Africa/Cairo
ALY,Alexandria,EG,Egypt,Africa/Cairo
HBE,Alexandria,EG,Egypt,Africa/Cairo
ASW,Aswan,EG,Egypt,Africa/Cairo
ATZ,Asyut,EG,Egypt,Africa/Cairo
CAI,Cairo,EG,Egypt,Africa/Cairo
CWE,Cairo,EG,Egypt,Africa/Cairo
DBB,Dabaa City,EG,Egypt,Africa/Cairo
AAC,El Arish,EG,Egypt,Africa/Cairo
EGH,El Gorah,EG,Egypt,Africa/Cairo
ELT,El-tor,EG,Egypt,Africa/Cairo
HRG,Hurghada,EG,Egypt,Africa/Cairo
LXR,Luxor,EG,Egypt,Africa/Cairo
RMF,Marsa Alam,EG,Egypt,Africa/Cairo
MUH,Mersa-matruh,EG,Egypt,Africa/Cairo
PSD,Port Said,EG,Egypt,Africa/Cairo
SSH,Sharm El Sheikh,EG,Egypt,Africa/Cairo
GSQ,Sharq Al-Owainat,EG,Egypt,Africa/Cairo
HMB,Sohag,EG,Egypt,Africa/Cairo
SKV,St. Catherine,EG,Egypt,Africa/Cairo
TCP,Taba,EG,Egypt,Africa/Cairo
SAL,San Salvador,SV,El Salvador,America/El_Salvador
BSG,Bata,GQ,Equatorial Guinea,Africa/Malabo
SSG,Malabo,GQ,Equatorial Guinea,Africa/Malabo
ASM,Asmara,ER,Eritrea,Africa/Asmera
ASA,Assab,ER,Eritrea,Africa/Asmera
MSW,Massawa,ER,Eritrea,Africa/Asmera
KDL,Kardla,EE,Estonia,Europe/Tallinn
URE,Kuressaare,EE,Estonia,Europe/Tallinn
EPU,Parnu,EE,Estonia,Europe/Tallinn
TLL,Tallinn-ulemiste International,EE,Estonia,Europe/Tallinn
TAY,Tartu,EE,Estonia,Europe/Tallinn
MTS,Manzini,SZ,Eswatini,Africa/Mbabane
ADD,Addis Ababa,ET,Ethiopia,Africa/Addis_Ababa
AMH,Arba Minch,ET,Ethiopia,Africa/Addis_Ababa
ASO,Asosa,ET,Ethiopia,Africa/Addis_Ababa
AWA,Awasa,ET,Ethiopia,Africa/Addis_Ababa
AXU,Axum,ET,Ethiopia,Africa/Addis_Ababa
BCO,Baco,ET,Ethiopia,Africa/Addis_Ababa
BJR,Bahar Dar,ET,Ethiopia,Africa/Addis_Ababa
BEI,Beica,ET,Ethiopia,Africa/Addis_Ababa
DBM,Debre Marqos,ET,Ethiopia,Africa/Addis_Ababa
DBT,Debre Tabor,ET,Ethiopia,Africa/Addis_Ababa
QHR,Debre Zeyit,ET,Ethiopia,Africa/Addis_Ababa
DEM,Dembidollo,ET,Ethiopia,Africa/Addis_Ababa
DSE,Dessie,ET,Ethiopia,Africa/Addis_Ababa
DIR,Dire Dawa,ET,Ethiopia,Africa/Addis_Ababa
GMB,Gambella,ET,Ethiopia,Africa/Addis_Ababa
GOB,Goba,ET,Ethiopia,Africa/Addis_Ababa
GDE,Gode,ET,Ethiopia,Africa/Addis_Ababa
GDQ,Gondar,ET,Ethiopia,Africa/Addis_Ababa
GOR,Gore,ET,Ethiopia,Africa/Addis_Ababa
HUE,Humera,ET,Ethiopia,Africa/Addis_Ababa
JIJ,Jijiga,ET,Ethiopia,Africa/Addis_Ababa
JIM,Jimma,ET,Ethiopia,Africa/Addis_Ababa
ABK,Kabri Dehar,ET,Ethiopia,Africa/Addis_Ababa
LLI,Lalibella,ET,Ethiopia,Africa/Addis_Ababa
MQX,Makale,ET,Ethiopia,Africa/Addis_Ababa
MKS,Mekane Selam,ET,Ethiopia,Africa/Addis_Ababa
MTF,Mizan Teferi,ET,Ethiopia,Africa/Addis_Ababa
TIE,Tippi,ET,Ethiopia,Africa/Addis_Ababa
MPN,Mount Pleasant,FK,Falkland Islands,Atlantic/Stanley
PSY,Stanley,FK,Falkland Islands,Atlantic/Stanley
FAE,Vagar,FO,Faroe Islands,Atlantic/Faeroe
ICI,Cicia,FJ,Fiji,Pacific/Fiji
KXF,Koro Island,FJ,Fiji,Pacific/Fiji
LKB,Lakeba Island,FJ,Fiji,Pacific/Fiji
LBS,Lambasa,FJ,Fiji,Pacific/Fiji
LEV,Levuka,FJ,Fiji,Pacific/Fiji
PTF,Malolo Lailai Island,FJ,Fiji,Pacific/Fiji
MNF,Mana Island,FJ,Fiji,Pacific/Fiji
TVU,Matei,FJ,Fiji,Pacific/Fiji
MFJ,Moala,FJ,Fiji,Pacific/Fiji
NAN,Nandi,FJ,Fiji,Pacific/Fiji
SUV,Nausori,FJ,Fiji,Pacific/Fiji
NGI,Ngau,FJ,Fiji,Pacific/Fiji
RTA,Rotuma,FJ,Fiji,Pacific/Fiji
SVU,Savusavu,FJ,Fiji,Pacific/Fiji
VBV,Vanua Balavu,FJ,Fiji,Pacific/Fiji
KDV,Vunisea,FJ,Fiji,Pacific/Fiji
ENF,Enontekio,FI,Finland,Europe/Helsinki
KEV,Halli,FI,Finland,Europe/Helsinki
HEL,Helsinki,FI,Finland,Europe/Helsinki
HEM,Helsinki,FI,Finland,Europe/Helsinki
HYV,Hyvinkaa,FI,Finland,Europe/Helsinki
IVL,Ivalo,FI,Finland,Europe/Helsinki
JOE,Joensuu,FI,Finland,Europe/Helsinki
JYV,Jyvaskyla,FI,Finland,Europe/Helsinki
KAJ,Kajaani,FI,Finland,Europe/Helsinki
KHJ,Kauhajoki,FI,Finland,Europe/Helsinki
KAU,Kauhava,FI,Finland,Europe/Helsinki
KEM,Kemi,FI,Finland,Europe/Helsinki
KTQ,Kitee,FI,Finland,Europe/Helsinki
KTT,Kittila,FI,Finland,Europe/Helsinki
KOK,Kruunupyy,FI,Finland,Europe/Helsinki
KUO,Kuopio,FI,Finland,Europe/Helsinki
KAO,Kuusamo,FI,Finland,Europe/Helsinki
LPP,Lappeenranta,FI,Finland,Europe/Helsinki
MHQ,Mariehamn,FI,Finland,Europe/Mariehamn
MIK,Mikkeli,FI,Finland,Europe/Helsinki
OUL,Oulu,FI,Finland,Europe/Helsinki
POR,Pori,FI,Finland,Europe/Helsinki
RVN,Rovaniemi,FI,Finland,Europe/Helsinki
SVL,Savonlinna,FI,Finland,Europe/Helsinki
SJY,Seinäjoki / Ilmajoki,FI,Finland,Europe/Helsinki
SOT,Sodankyla,FI,Finland,Europe/Helsinki
TMP,Tampere,FI,Finland,Europe/Helsinki
TKU,Turku,FI,Finland,Europe/Helsinki
UTI,Utti,FI,Finland,Europe/Helsinki
VAA,Vaasa,FI,Finland,Europe/Helsinki
VRK,Varkaus,FI,Finland,Europe/Helsinki
QLF,Vesivehmaa,FI,Finland,Europe/Helsinki
YLI,Ylivieska-raudaskyla,FI,Finland,Europe/Helsinki
XAB,Abbeville,FR,France,Europe/Paris
AGF,Agen,FR,France,Europe/Paris
AJA,Ajaccio,FR,France,Europe/Paris
MFX,Ajaccio,FR,France,Europe/Paris
BYF,Albert,FR,France,Europe/Paris
LBI,Albi,FR,France,Europe/Paris
ANE,Angers/Marcé,FR,France,Europe/Paris
ANG,Angouleme,FR,France,Europe/Paris
NCY,Annecy,FR,France,Europe/Paris
QNJ,Annemasse,FR,France,Europe/Paris
OBS,Aubenas-vals-lanas,FR,France,Europe/Paris
AUR,Aurillac,FR,France,Europe/Paris
AUF,Auxerre,FR,France,Europe/Paris
AVN,Avignon,FR,France,Europe/Paris
BIA,Bastia,FR,France,Europe/Paris
BVA,Beauvais,FR,France,Europe/Paris
BOR,Belfort,FR,France,Europe/Paris
EGC,Bergerac,FR,France,Europe/Paris
BZR,Beziers,FR,France,Europe/Paris
BIQ,Biarritz-bayonne,FR,France,Europe/Paris
BOD,Bordeaux,FR,France,Europe/Paris
BOU,Bourges,FR,France,Europe/Paris
BES,Brest,FR,France,Europe/Paris
BVE,Brive,FR,France,Europe/Paris
CFR,Caen,FR,France,Europe/Paris
ZAO,Cahors,FR,France,Europe/Paris
CQF,Calais,FR,France,Europe/Paris
CLY,Calvi,FR,France,Europe/Paris
CEQ,Cannes,FR,France,Europe/Paris
CCF,Carcassonne,FR,France,Europe/Paris
DCM,Castres,FR,France,Europe/Paris
XCR,Chalons,FR,France,Europe/Paris
CMF,Chambery,FR,France,Europe/Paris
XCZ,Charleville,FR,France,Europe/Paris
CHR,Chateauroux,FR,France,Europe/Paris
CER,Cherbourg,FR,France,Europe/Paris
CET,Cholet,FR,France,Europe/Paris
CFE,Clermont-Ferrand,FR,France,Europe/Paris
CNG,Cognac,FR,France,Europe/Paris
CMR,Colmar,FR,France,Europe/Paris
CVF,Courcheval,FR,France,Europe/Paris
CSF,Creil,FR,France,Europe/Paris
DOL,Deauville,FR,France,Europe/Paris
DIJ,Dijon,FR,France,Europe/Paris
DNR,Dinard,FR,France,Europe/Paris
DLE,Dole,FR,France,Europe/Paris
EPL,Epinal,FR,France,Europe/Paris
EVX,Evreux,FR,France,Europe/Paris
FSC,Figari,FR,France,Europe/Paris
FRJ,Frejus,FR,France,Europe/Paris
GFR,Granville,FR,France,Europe/Paris
GNB,Grenoble,FR,France,Europe/Paris
TLN,Hyeres,FR,France,Europe/Paris
LBY,La Baule,FR,France,Europe/Paris
LTT,La Môle,FR,France,Europe/Paris
EDM,La Roche-sur-yon,FR,France,Europe/Paris
LRH,La Rochelle,FR,France,Europe/Paris
LDV,Landivisiau,FR,France,Europe/Paris
LAI,Lannion,FR,France,Europe/Paris
LVA,Laval,FR,France,Europe/Paris
CTT,Le Castellet,FR,France,Europe/Paris
LEH,Le Havre,FR,France,Europe/Paris
LME,Le Mans,FR,France,Europe/Paris
LPY,Le Puy,FR,France,Europe/Paris
LTQ,Le Tourquet,FR,France,Europe/Paris
LIL,Lille,FR,France,Europe/Paris
LIG,Limoges,FR,France,Europe/Paris
LRT,Lorient,FR,France,Europe/Paris
LYN,Lyon,FR,France,Europe/Paris
LYS,Lyon,FR,France,Europe/Paris
MRS,Marseille,FR,France,Europe/Paris
XME,Maubeuge,FR,France,Europe/Paris
MEN,Mende,FR,France,Europe/Paris
HZB,Merville,FR,France,Europe/Paris
ETZ,Metz,FR,France,Europe/Paris
MZM,Metz,FR,France,Europe/Paris
XMW,Montauban,FR,France,Europe/Paris
MCU,Montlucon-gueret,FR,France,Europe/Paris
MPL,Montpellier,FR,France,Europe/Paris
MXN,Morlaix,FR,France,Europe/Paris
BSL,Mulhouse,FR,France,Europe/Paris
ENC,Nancy,FR,France,Europe/Paris
NTE,Nantes,FR,France,Europe/Paris
NVS,Nevers,FR,France,Europe/Paris
NCE,Nice,FR,France,Europe/Paris
FNI,Nimes,FR,France,Europe/Paris
NIT,Niort,FR,France,Europe/Paris
XOG,Orange,FR,France,Europe/Paris
ORE,Orleans,FR,France,Europe/Paris
CDG,Paris,FR,France,Europe/Paris
LBG,Paris,FR,France,Europe/Paris
ORY,Paris,FR,France,Europe/Paris
PUF,Pau,FR,France,Europe/Paris
PGX,Perigueux,FR,France,Europe/Paris
PGF,Perpignan,FR,France,Europe/Paris
PIS,Poitiers,FR,France,Europe/Paris
POX,Pontoise,FR,France,Europe/Paris
PRP,Propriano,FR,France,Europe/Paris
UIP,Quimper,FR,France,Europe/Paris
RHE,Reims,FR,France,Europe/Paris
RNS,Rennes,FR,France,Europe/Paris
RNE,Roanne,FR,France,Europe/Paris
RCO,Rochefort,FR,France,Europe/Paris
RDZ,Rodez,FR,France,Europe/Paris
URO,Rouen,FR,France,Europe/Paris
RYN,Royan,FR,France,Europe/Paris
SOZ,Solenzara,FR,France,Europe/Paris
EBU,St-Etienne,FR,France,Europe/Paris
SBK,St.-brieuc Armor,FR,France,Europe/Paris
SNR,St.-nazaire,FR,France,Europe/Paris
SYT,St.-yan,FR,France,Europe/Paris
SXB,Strasbourg,FR,France,Europe/Paris
LDE,Tarbes,FR,France,Europe/Paris
TLS,Toulouse,FR,France,Europe/Paris
TUF,Tours,FR,France,Europe/Paris
TNF,Toussous-le-noble,FR,France,Europe/Paris
VAF,Valence,FR,France,Europe/Paris
XVS,Valenciennes,FR,France,Europe/Paris
VNE,Vannes,FR,France,Europe/Paris
MVV,Verdun,FR,France,Europe/Paris
VHY,Vichy,FR,France,Europe/Paris
VIY,Villacoublay,FR,France,Europe/Paris
IDY,Île d'Yeu,FR,France,Europe/Paris
CAY,Cayenne,GF,French Guiana,America/Cayenne
GSI,Grand-Santi,GF,French Guiana,America/Cayenne
MPY,Maripasoula,GF,French Guiana,America/Cayenne
LDX,Saint-Laurent-du-Maroni,GF,French Guiana,America/Cayenne
XAU,Saul,GF,French Guiana,America/Cayenne
OYP,St.-georges Oyapock,GF,French Guiana,America/Cayenne
AHE,Ahe,PF,French Polynesia,Pacific/Tahiti
AAA,Anaa,PF,French Polynesia,Pacific/Tahiti
APK,Apataki,PF,French Polynesia,Pacific/Tahiti
AXR,Arutua,PF,French Polynesia,Pacific/Tahiti
BOB,Bora Bora,PF,French Polynesia,Pacific/Tahiti
FAV,Fakarava,PF,French Polynesia,Pacific/Tahiti
FGU,Fangatau,PF,French Polynesia,Pacific/Tahiti
AUQ,Hiva-oa,PF,French Polynesia,Pacific/Marquesas
HUH,Huahine Island,PF,French Polynesia,Pacific/Tahiti
KKR,Kaukura Atoll,PF,French Polynesia,Pacific/Tahiti
MKP,Makemo,PF,French Polynesia,Pacific/Tahiti
XMH,Manihi,PF,French Polynesia,Pacific/Tahiti
MVT,Mataiva,PF,French Polynesia,Pacific/Tahiti
MAU,Maupiti,PF,French Polynesia,Pacific/Tahiti
MOZ,Moorea,PF,French Polynesia,Pacific/Tahiti
NIU,Niau,PF,French Polynesia,Pacific/Tahiti
NHV,Nuku Hiva,PF,French Polynesia,Pacific/Marquesas
PPT,Papeete,PF,French Polynesia,Pacific/Tahiti
PKP,Puka Puka,PF,French Polynesia,Pacific/Tahiti
RFP,Raiatea Island,PF,French Polynesia,Pacific/Tahiti
RVV,Raivavae,PF,French Polynesia,Pacific/Tahiti
RGI,Rangiroa,PF,French Polynesia,Pacific/Tahiti
TKP,Takapoto,PF,French Polynesia,Pacific/Tahiti
TKX,Takaroa,PF,French Polynesia,Pacific/Tahiti
TTI,Tetiaroa,PF,French Polynesia,Pacific/Tahiti
TIH,Tikehau,PF,French Polynesia,Pacific/Tahiti
GMR,Totegegie,PF,French Polynesia,Pacific/Gambier
TUB,Tubuai,PF,French Polynesia,Pacific/Tahiti
UAH,Ua Huka,PF,French Polynesia,Pacific/Marquesas
UAP,Ua Pou,PF,French Polynesia,Pacific/Marquesas
BMM,Bitam,GA,Gabon,Africa/Libreville
MVB,Franceville,GA,Gabon,Africa/Libreville
KOU,Koulamoutou,GA,Gabon,Africa/Libreville
LBQ,Lambarene,GA,Gabon,Africa/Libreville
LBV,Libreville,GA,Gabon,Africa/Libreville
MKU,Makokou,GA,Gabon,Africa/Libreville
MYB,Mayumba,GA,Gabon,Africa/Libreville
MJL,Mouila,GA,Gabon,Africa/Libreville
OKN,Okondja,GA,Gabon,Africa/Libreville
OMB,Omboue Hospial,GA,Gabon,Africa/Libreville
OYE,Oyem,GA,Gabon,Africa/Libreville
POG,Port Gentil,GA,Gabon,Africa/Libreville
TCH,Tchibanga,GA,Gabon,Africa/Libreville
BJL,Banjul,GM,Gambia,Africa/Banjul
BUS,Batumi,GE,Georgia,Asia/Tbilisi
KUT,Kutaisi,GE,Georgia,Asia/Tbilisi
SUI,Sukhumi,GE,Georgia,Asia/Tbilisi
TBS,Tbilisi,GE,Georgia,Asia/Tbilisi
AAH,Aachen,DE,Germany,Europe/Berlin
AOC,Altenburg,DE,Germany,Europe/Berlin
AGB,Augsburg,DE,Germany,Europe/Berlin
BBH,Barth,DE,Germany,Europe/Berlin
BYU,Bayreuth,DE,Germany,Europe/Berlin
SXF,Berlin,DE,Germany,Europe/Berlin
THF,Berlin,DE,Germany,Europe/Berlin
TXL,Berlin,DE,Germany,Europe/Berlin
BFE,Bielefeld,DE,Germany,Europe/Berlin
BBJ,Birburg,DE,Germany,Europe/Berlin
BMK,Borkum,DE,Germany,Europe/Berlin
BWE,Braunschweig,DE,Germany,Europe/Berlin
BRE,Bremen,DE,Germany,Europe/Berlin
BRV,Bremerhaven,DE,Germany,Europe/Berlin
URD,Burg Feuerstein,DE,Germany,Europe/Berlin
HEI,Büsum,DE,Germany,Europe/Berlin
ZCN,Celle,DE,Germany,Europe/Berlin
CSO,Cochstedt,DE,Germany,Europe/Berlin
CGN,Cologne,DE,Germany,Europe/Berlin
CBU,Cottbus,DE,Germany,Europe/Berlin
ZQL,Donaueschingen,DE,Germany,Europe/Berlin
DTM,Dortmund,DE,Germany,Europe/Berlin
DRS,Dresden,DE,Germany,Europe/Berlin
DUS,Duesseldorf,DE,Germany,Europe/Berlin
QEF,Egelsbach,DE,Germany,Europe/Berlin
EIB,Eisenach,DE,Germany,Europe/Berlin
EME,Emden,DE,Germany,Europe/Berlin
ERF,Erfurt,DE,Germany,Europe/Berlin
ESS,Essen,DE,Germany,Europe/Berlin
FLF,Flensburg,DE,Germany,Europe/Berlin
FRA,Frankfurt,DE,Germany,Europe/Berlin
FDH,Friedrichshafen,DE,Germany,Europe/Berlin
FRZ,Fritzlar,DE,Germany,Europe/Berlin
FEL,Fuerstenfeldbruck,DE,Germany,Europe/Berlin
GKE,Geilenkirchen,DE,Germany,Europe/Berlin
GHF,Giebelstadt,DE,Germany,Europe/Berlin
GUT,Guetersloh,DE,Germany,Europe/Berlin
HHN,Hahn,DE,Germany,Europe/Berlin
HAM,Hamburg,DE,Germany,Europe/Berlin
XFW,Hamburg,DE,Germany,Europe/Berlin
ZNF,Hanau,DE,Germany,Europe/Berlin
HAJ,Hannover,DE,Germany,Europe/Berlin
HGL,Helgoland,DE,Germany,Europe/Berlin
HDF,Heringsdorf,DE,Germany,Europe/Berlin
HOQ,Hof,DE,Germany,Europe/Berlin
IGS,Ingolstadt,DE,Germany,Europe/Berlin
JUI,Juist,DE,Germany,Europe/Berlin
FKB,Karlsruhe/Baden-Baden,DE,Germany,Europe/Berlin
KSF,Kassel,DE,Germany,Europe/Berlin
EMP,Kempten,DE,Germany,America/Chicago
KEL,Kiel,DE,Germany,Europe/Berlin
KZG,Kitzingen,DE,Germany,Europe/Berlin
KOQ,Koethen,DE,Germany,Europe/Berlin
RLG,Laage,DE,Germany,Europe/Berlin
LHA,Lahr,DE,Germany,Europe/Berlin
LGO,Langeoog,DE,Germany,Europe/Berlin
LEJ,Leipzig,DE,Germany,Europe/Berlin
LND,Lindau,DE,Germany,America/Denver
LBC,Luebeck,DE,Germany,Europe/Berlin
ZMG,Magdeburg,DE,Germany,Europe/Berlin
MHG,Mannheim,DE,Germany,Europe/Berlin
FMM,Memmingen,DE,Germany,Europe/Berlin
MGL,Moenchengladbach,DE,Germany,Europe/Berlin
MUC,Munich,DE,Germany,Europe/Berlin
FMO,Munster,DE,Germany,Europe/Berlin
EUM,Neumuenster,DE,Germany,Europe/Berlin
NOD,Norden,DE,Germany,Europe/Berlin
NRD,Norderney,DE,Germany,Europe/Berlin
FCN,Nordholz,DE,Germany,Europe/Berlin
NUE,Nuernberg,DE,Germany,Europe/Berlin
OBF,Oberpfaffenhofen,DE,Germany,Europe/Berlin
PAD,Paderborn,DE,Germany,Europe/Berlin
SZW,Parchim,DE,Germany,Europe/Berlin
PEF,Peenemunde,DE,Germany,Europe/Berlin
RMS,Ramstein,DE,Germany,Europe/Berlin
REB,Rechlin-laerz,DE,Germany,Europe/Berlin
IES,Riesa,DE,Germany,Europe/Berlin
GTI,Ruegen,DE,Germany,Europe/Berlin
SCN,Saarbruecken,DE,Germany,Europe/Berlin
PSH,Sankt Peter-Ording,DE,Germany,Europe/Berlin
WBG,Schleswig,DE,Germany,Europe/Berlin
QXH,Schoenhagen,DE,Germany,Europe/Berlin
SGE,Siegerland,DE,Germany,Europe/Berlin
SPM,Spangdahlem,DE,Germany,Europe/Berlin
RBM,Straubing,DE,Germany,Europe/Berlin
STR,Stuttgart,DE,Germany,Europe/Berlin
AGE,Wangerooge,DE,Germany,Europe/Berlin
NRN,Weeze,DE,Germany,Europe/Berlin
GWT,Westerland,DE,Germany,Europe/Berlin
WIE,Wiesbaden,DE,Germany,Europe/Berlin
WVN,Wilhelmshaven,DE,Germany,Europe/Berlin
ZQW,Zweibruecken,DE,Germany,Europe/Berlin
ACC,Accra,GH,Ghana,Africa/Accra
KMS,Kumasi,GH,Ghana,Africa/Accra
NYI,Sunyani,GH,Ghana,Africa/Accra
TKD,Takoradi,GH,Ghana,Africa/Accra
TML,Tamale,GH,Ghana,Africa/Accra
GIB,Gibraltar,GI,Gibraltar,Europe/Gibraltar
AGQ,Agrinion,GR,Greece,Europe/Athens
AXD,Alexandroupolis,GR,Greece,Europe/Athens
PYR,Andravida,GR,Greece,Europe/Athens
JTY,Astypalaia,GR,Greece,Europe/Athens
ATH,Athens,GR,Greece,Europe/Athens
HEW,Athens,GR,Greece,Europe/Athens
CHQ,Chania,GR,Greece,Europe/Athens
JKH,Chios,GR,Greece,Europe/Athens
JNX,Cyclades Islands,GR,Greece,Europe/Athens
HER,Heraklion,GR,Greece,Europe/Athens
JIK,Ikaria,GR,Greece,Europe/Athens
IOA,Ioannina,GR,Greece,Europe/Athens
KLX,Kalamata,GR,Greece,Europe/Athens
JKL,Kalymnos,GR,Greece,Europe/Athens
AOK,Karpathos,GR,Greece,Europe/Athens
KSJ,Kasos,GR,Greece,Europe/Athens
KZS,Kastelorizo,GR,Greece,Europe/Athens
KSO,Kastoria,GR,Greece,Europe/Athens
KVA,Kavala,GR,Greece,Europe/Athens
EFL,Keffallinia,GR,Greece,Europe/Athens
CFU,Kerkyra/corfu,GR,Greece,Europe/Athens
KIT,Kithira,GR,Greece,Europe/Athens
KGS,Kos,GR,Greece,Europe/Athens
KZI,Kozani,GR,Greece,Europe/Athens
LRA,Larissa,GR,Greece,Europe/Athens
LRS,Leros,GR,Greece,Europe/Athens
LXS,Limnos,GR,Greece,Europe/Athens
MLO,Milos,GR,Greece,Europe/Athens
JMK,Mykonos,GR,Greece,Europe/Athens
MJT,Mytilini,GR,Greece,Europe/Athens
VOL,Nea Anghialos,GR,Greece,Europe/Athens
PAS,Paros,GR,Greece,Europe/Athens
GPA,Patras,GR,Greece,Europe/Athens
PKH,Porto Heli,GR,Greece,Europe/Athens
PVK,Preveza,GR,Greece,Europe/Athens
RHO,Rhodos,GR,Greece,Europe/Athens
SMI,Samos,GR,Greece,Europe/Athens
JSH,Sitia,GR,Greece,Europe/Athens
JSI,Skiathos,GR,Greece,Europe/Athens
SKU,Skiros,GR,Greece,Europe/Athens
SPJ,Sparti,GR,Greece,Europe/Athens
JSY,Syros Island,GR,Greece,Europe/Athens
SKG,Thessaloniki,GR,Greece,Europe/Athens
JTR,Thira,GR,Greece,Europe/Athens
ZTH,Zakynthos,GR,Greece,Europe/Athens
JEG,Aasiaat,GL,Greenland,America/Nuuk
LLU,Alluitsup Paa,GL,Greenland,America/Nuuk
GOH,Godthaab,GL,Greenland,America/Nuuk
JAV,Ilulissat,GL,Greenland,America/Nuuk
OBY,Ittoqqortoormiit,GL,Greenland,America/Scoresbysund
JSU,Maniitsoq,GL,Greenland,America/Nuuk
JNN,Nanortalik,GL,Greenland,America/Nuuk
JNS,Narsaq,GL,Greenland,America/Nuuk
UAK,Narssarssuaq,GL,Greenland,America/Nuuk
CNP,Neerlerit Inaat,GL,Greenland,America/Scoresbysund
JFR,Paamiut,GL,Greenland,America/Nuuk
NAQ,Qaanaaq,GL,Greenland,America/Thule
JJU,Qaqortoq,GL,Greenland,America/Nuuk
JCH,Qasigiannguit,GL,Greenland,America/Nuuk
JGO,Qeqertarsuaq Airport,GL,Greenland,America/Nuuk
JHS,Sisimiut,GL,Greenland,America/Nuuk
SFJ,Sondrestrom,GL,Greenland,America/Nuuk
THU,Thule,GL,Greenland,America/Thule
JUV,Upernavik,GL,Greenland,America/Nuuk
JQA,Uummannaq,GL,Greenland,America/Nuuk
UMD,Uummannaq,GL,Greenland,America/Nuuk
GND,Point Salines,GD,Grenada,America/Grenada
BBR,Basse Terre,GP,Guadeloupe,America/Guadeloupe
GBJ,Grand Bourg,GP,Guadeloupe,America/Guadeloupe
DSD,Grande Anse,GP,Guadeloupe,America/Guadeloupe
LSS,Les Saintes,GP,Guadeloupe,America/Guadeloupe
PTP,Pointe-a-pitre,GP,Guadeloupe,America/Guadeloupe
SFC,St-François,GP,Guadeloupe,America/Guadeloupe
GUM,Agana,GU,Guam,Pacific/Guam
UAM,Andersen,GU,Guam,Pacific/Guam
CBV,Coban,GT,Guatemala,America/Guatemala
FRS,Flores,GT,Guatemala,America/Guatemala
GUA,Guatemala City,GT,Guatemala,America/Guatemala
PBR,Puerto Barrios,GT,Guatemala,America/Guatemala
AAZ,Quezaltenango,GT,Guatemala,America/Guatemala
RER,Retalhuleu,GT,Guatemala,America/Guatemala
GSJ,San Jose,GT,Guatemala,America/Guatemala
AQB,Santa Cruz des Quiche,GT,Guatemala,America/Guatemala
ACI,Alderney,GG,Guernsey,Europe/Guernsey
GCI,Guernsey,GG,Guernsey,Europe/Guernsey
CKY,Conakry,GN,Guinea,Africa/Conakry
FAA,Faranah,GN,Guinea,Africa/Conakry
FIG,Fira,GN,Guinea,Africa/Conakry
KSI,Kissidougou,GN,Guinea,Africa/Conakry
LEK,Labe,GN,Guinea,Africa/Conakry
OXB,Bissau,GW,Guinea-Bissau,Africa/Bissau
NAI,Annai,GY,Guyana,America/Guyana
GFO,Bartica,GY,Guyana,America/Guyana
GEO,Georgetown,GY,Guyana,America/Guyana
OGL,Georgetown,GY,Guyana,America/Guyana
IMB,Imbaimadai,GY,Guyana,America/Guyana
KAI,Kaieteur,GY,Guyana,America/Guyana
KAR,Kamarang,GY,Guyana,America/Guyana
LTM,Lethem,GY,Guyana,America/Guyana
USI,Mabaruma,GY,Guyana,America/Guyana
MHA,Mahdia,GY,Guyana,America/Guyana
ORJ,Orinduik,GY,Guyana,America/Guyana
CAP,Cap Haitien,HT,Haiti,America/Port-au-Prince
CYA,Cayes,HT,Haiti,America/Port-au-Prince
JAK,Jacmel,HT,Haiti,America/Port-au-Prince
JEE,Jeremie,HT,Haiti,America/Port-au-Prince
PAP,Port-au-prince,HT,Haiti,America/Port-au-Prince
PAX,Port-de-Paix,HT,Haiti,America/Port-au-Prince
AHS,Ahuas,HN,Honduras,America/Tegucigalpa
BHG,Brus Laguna,HN,Honduras,America/Tegucigalpa
GJA,Guanaja,HN,Honduras,America/Tegucigalpa
LCE,La Ceiba,HN,Honduras,America/Tegucigalpa
PEU,Puerto Lempira,HN,Honduras,America/Tegucigalpa
RTB,Roatan,HN,Honduras,America/Tegucigalpa
SAP,San Pedro Sula,HN,Honduras,America/Tegucigalpa
TGU,Tegucigalpa,HN,Honduras,America/Tegucigalpa
TEA,Tela,HN,Honduras,America/Tegucigalpa
TJI,Trujillo,HN,Honduras,America/Tegucigalpa
UII,Utila,HN,Honduras,America/Tegucigalpa
HHP,Hong Kong,HK,Hong Kong,Asia/Hong_Kong
HKG,Hong Kong,HK,Hong Kong,Asia/Hong_Kong
BUD,Budapest,HU,Hungary,Europe/Budapest
DEB,Debrecen,HU,Hungary,Europe/Budapest
PEV,Pécs-Pogány,HU,Hungary,Europe/Budapest
SOB,Sármellék,HU,Hungary,Europe/Budapest
AEY,Akureyri,IS,Iceland,Atlantic/Reykjavik
BIU,Bildudalur,IS,Iceland,Atlantic/Reykjavik
EGS,Egilsstadir,IS,Iceland,Atlantic/Reykjavik
GJR,Gjogur,IS,Iceland,Atlantic/Reykjavik
GRY,Grímsey,IS,Iceland,Atlantic/Reykjavik
HFN,Hofn,IS,Iceland,Atlantic/Reykjavik
HZK,Husavik,IS,Iceland,Atlantic/Reykjavik
IFJ,Isafjordur,IS,Iceland,Atlantic/Reykjavik
KEF,Keflavik,IS,Iceland,Atlantic/Reykjavik
MVA,Myvatn,IS,Iceland,Atlantic/Reykjavik
NOR,Nordfjordur,IS,Iceland,Atlantic/Reykjavik
PFJ,Patreksfjordur,IS,Iceland,Atlantic/Reykjavik
RKV,Reykjavik,IS,Iceland,Atlantic/Reykjavik
SAK,Saudarkrokur,IS,Iceland,Atlantic/Reykjavik
SIJ,Siglufjordur,IS,Iceland,Atlantic/Reykjavik
THO,Thorshofn,IS,Iceland,Atlantic/Reykjavik
VEY,Vestmannaeyjar,IS,Iceland,Atlantic/Reykjavik
VPN,Vopnafjörður,IS,Iceland,Atlantic/Reykjavik
IXA,Agartala,IN,India,Asia/Kolkata
AGX,Agatti Island,IN,India,Asia/Kolkata
AGR,Agra,IN,India,Asia/Kolkata
AMD,Ahmedabad,IN,India,Asia/Kolkata
AJL,Aizwal,IN,India,Asia/Kolkata
AKD,Akola,IN,India,Asia/Kolkata
IXD,Allahabad,IN,India,Asia/Kolkata
IXV,Along,IN,India,Asia/Kolkata
ATQ,Amritsar,IN,India,Asia/Kolkata
IXU,Aurangabad,IN,India,Asia/Kolkata
IXB,Baghdogra,IN,India,Asia/Kolkata
BLR,Bangalore,IN,India,Asia/Kolkata
BEK,Bareilly,IN,India,Asia/Kolkata
BDQ,Baroda,IN,India,Asia/Kolkata
IXG,Belgaum,IN,India,Asia/Kolkata
BEP,Bellary,IN,India,Asia/Kolkata
BUP,Bhatinda,IN,India,Asia/Kolkata
BHU,Bhaunagar,IN,India,Asia/Kolkata
BHO,Bhopal,IN,India,Asia/Kolkata
BBI,Bhubaneswar,IN,India,Asia/Kolkata
BHJ,Bhuj,IN,India,Asia/Kolkata
BKB,Bikaner,IN,India,Asia/Kolkata
PAB,Bilaspur,IN,India,Asia/Kolkata
CCJ,Calicut,IN,India,Asia/Kolkata
CBD,Carnicobar,IN,India,Asia/Kolkata
IXC,Chandigarh,IN,India,Asia/Kolkata
CJB,Coimbatore,IN,India,Asia/Kolkata
COH,Cooch-behar,IN,India,Asia/Kolkata
CDP,Cuddapah,IN,India,Asia/Kolkata
NMB,Daman,IN,India,Asia/Kolkata
DED,Dehra Dun,IN,India,Asia/Kolkata
DEL,Delhi,IN,India,Asia/Kolkata
DBD,Dhanbad,IN,India,Asia/Kolkata
DMU,Dimapur,IN,India,Asia/Kolkata
DIU,Diu,IN,India,Asia/Kolkata
GAY,Gaya,IN,India,Asia/Kolkata
GOI,Goa,IN,India,Asia/Kolkata
GOP,Gorakhpur,IN,India,Asia/Kolkata
GUX,Guna,IN,India,Asia/Kolkata
GAU,Guwahati,IN,India,Asia/Kolkata
GWL,Gwalior,IN,India,Asia/Kolkata
HSS,Hissar,IN,India,Asia/Kolkata
HBX,Hubli,IN,India,Asia/Kolkata
BPM,Hyderabad,IN,India,Asia/Kolkata
IMF,Imphal,IN,India,Asia/Kolkata
IDR,Indore,IN,India,Asia/Kolkata
JLR,Jabalpur,IN,India,Asia/Kolkata
JAI,Jaipur,IN,India,Asia/Kolkata
JSA,Jaisalmer,IN,India,Asia/Kolkata
IXJ,Jammu,IN,India,Asia/Kolkata
JGA,Jamnagar,IN,India,Asia/Kolkata
IXW,Jamshedpur,IN,India,Asia/Kolkata
JDH,Jodhpur,IN,India,Asia/Kolkata
JRH,Jorhat,IN,India,Asia/Kolkata
IXH,Kailashahar,IN,India,Asia/Kolkata
IXY,Kandla,IN,India,Asia/Kolkata
DHM,Kangra,IN,India,Asia/Kolkata
KNU,Kanpur,IN,India,Asia/Kolkata
IXK,Keshod,IN,India,Asia/Kolkata
HJR,Khajuraho,IN,India,Asia/Kolkata
COK,Kochi,IN,India,Asia/Kolkata
KLH,Kolhapur,IN,India,Asia/Kolkata
CCU,Kolkata,IN,India,Asia/Kolkata
KTU,Kota,IN,India,Asia/Kolkata
KUU,Kulu,IN,India,Asia/Kolkata
IXL,Leh,IN,India,Asia/Kolkata
IXI,Lilabari,IN,India,Asia/Kolkata
LKO,Lucknow,IN,India,Asia/Kolkata
LUH,Ludhiaha,IN,India,Asia/Kolkata
MAA,Madras,IN,India,Asia/Kolkata
IXM,Madurai,IN,India,Asia/Kolkata
IXE,Mangalore,IN,India,Asia/Kolkata
MZU,Mazuffarpur,IN,India,Asia/Kolkata
DIB,Mohanbari,IN,India,Asia/Kolkata
BOM,Mumbai,IN,India,Asia/Kolkata
MYQ,Mysore,IN,India,Asia/Kolkata
NAG,Nagpur,IN,India,Asia/Kolkata
PGH,Nainital,IN,India,Asia/Kolkata
NDC,Nanded,IN,India,Asia/Kolkata
ISK,Nasik Road,IN,India,Asia/Kolkata
IXP,Pathankot,IN,India,Asia/Kolkata
PAT,Patina,IN,India,Asia/Kolkata
PNY,Pendicherry,IN,India,Asia/Kolkata
PBD,Porbandar,IN,India,Asia/Kolkata
IXZ,Port Blair,IN,India,Asia/Kolkata
PNQ,Pune,IN,India,Asia/Kolkata
RPR,Raipur,IN,India,Asia/Kolkata
RJA,Rajahmundry,IN,India,Asia/Kolkata
RAJ,Rajkot,IN,India,Asia/Kolkata
IXR,Ranchi,IN,India,Asia/Kolkata
RRK,Rourkela,IN,India,Asia/Kolkata
SXV,Salem,IN,India,Asia/Kolkata
TNI,Satna,IN,India,Asia/Kolkata
SHL,Shillong,IN,India,Asia/Kolkata
SLV,Shimla,IN,India,Asia/Kolkata
SSE,Sholapur,IN,India,Asia/Kolkata
IXS,Silchar,IN,India,Asia/Kolkata
SXR,Srinagar,IN,India,Asia/Kolkata
STV,Surat,IN,India,Asia/Kolkata
TJV,Tanjore,IN,India,Asia/Kolkata
TEZ,Tezpur,IN,India,Asia/Kolkata
TRZ,Tiruchirappalli,IN,India,Asia/Kolkata
TIR,Tirupeti,IN,India,Asia/Kolkata
TRV,Trivandrum,IN,India,Asia/Kolkata
UDR,Udaipur,IN,India,Asia/Kolkata
VNS,Varanasi,IN,India,Asia/Kolkata
VGA,Vijayawada,IN,India,Asia/Kolkata
VTZ,Vishakhapatnam,IN,India,Asia/Kolkata
ZER,Zero,IN,India,Asia/Kolkata
ARD,Alor Island,ID,Indonesia,Asia/Makassar
AMQ,Ambon,ID,Indonesia,Asia/Jayapura
MWK,Anambas Islands,ID,Indonesia,Asia/Jakarta
BXB,Babo,ID,Indonesia,Asia/Jayapura
BPN,Balikpapan,ID,Indonesia,Asia/Makassar
BTJ,Banda Aceh,ID,Indonesia,Asia/Jakarta
TKG,Bandar Lampung-Sumatra Island,ID,Indonesia,Asia/Jakarta
BDO,Bandung,ID,Indonesia,Asia/Jakarta
BDJ,Banjarmasin,ID,Indonesia,Asia/Makassar
BTH,Batam,ID,Indonesia,Asia/Jakarta
BTW,Batu Licin,ID,Indonesia,Asia/Makassar
BKS,Bengkulu,ID,Indonesia,Asia/Jakarta
BIK,Biak,ID,Indonesia,Asia/Jayapura
BMU,Bima,ID,Indonesia,Asia/Makassar
NTI,Bintuni,ID,Indonesia,Asia/Jayapura
BUI,Bokondini-Papua Island,ID,Indonesia,Asia/Jayapura
CXP,Cilacap,ID,Indonesia,Asia/Jakarta
CBN,Cirebon,ID,Indonesia,Asia/Jakarta
DTD,Datadawai-Borneo Island,ID,Indonesia,Asia/Makassar
DPS,Denpasar,ID,Indonesia,Asia/Makassar
DUM,Dumai,ID,Indonesia,Asia/Jakarta
ENE,Ende,ID,Indonesia,Asia/Makassar
FKQ,Fak Fak,ID,Indonesia,Asia/Jayapura
GTO,Gorontalo,ID,Indonesia,Asia/Makassar
GNS,Gunung Sitoli,ID,Indonesia,Asia/Jakarta
CGK,Jakarta,ID,Indonesia,Asia/Jakarta
HLP,Jakarta,ID,Indonesia,Asia/Jakarta
PCB,Jakarta,ID,Indonesia,Asia/Jakarta
DJB,Jambi,ID,Indonesia,Asia/Jakarta
DJJ,Jayapura,ID,Indonesia,Asia/Jayapura
KNG,Kaimana,ID,Indonesia,Asia/Jayapura
KDI,Kendari,ID,Indonesia,Asia/Makassar
KTG,Ketapang,ID,Indonesia,Asia/Jakarta
KOE,Kupang,ID,Indonesia,Asia/Makassar
LBJ,Labuhan Bajo,ID,Indonesia,Asia/Makassar
LUV,Langgur-Kei Islands,ID,Indonesia,Asia/Jayapura
LSW,Lhok Seumawe-Sumatra Island,ID,Indonesia,Asia/Jakarta
LSX,Lhok Sukon,ID,Indonesia,Asia/Jakarta
LPU,Long Apung-Borneo Island,ID,Indonesia,Asia/Makassar
LBW,Long Bawan-Borneo Island,ID,Indonesia,Asia/Makassar
LUW,Luwuk,ID,Indonesia,Asia/Makassar
TTR,Makale,ID,Indonesia,Asia/Makassar
MLG,Malang,ID,Indonesia,Asia/Jakarta
MDC,Manado,ID,Indonesia,Asia/Makassar
MKW,Manokwari,ID,Indonesia,Asia/Jayapura
MXB,Masamba,ID,Indonesia,Asia/Makassar
AMI,Mataram,ID,Indonesia,Asia/Makassar
MOF,Maumere,ID,Indonesia,Asia/Makassar
KNO,Medan,ID,Indonesia,Asia/Jakarta
MES,Medan,ID,Indonesia,Asia/Jakarta
MKQ,Merauke,ID,Indonesia,Asia/Jayapura
OTI,Morotai Island,ID,Indonesia,Asia/Jayapura
LII,Mulia,ID,Indonesia,Asia/Jayapura
NBX,Nabire,ID,Indonesia,Asia/Jayapura
NAH,Naha,ID,Indonesia,Asia/Makassar
NPO,Nangapinoh,ID,Indonesia,Asia/Jakarta
NNX,Nunukan-Nunukan Island,ID,Indonesia,Asia/Makassar
CJN,Nusawiru,ID,Indonesia,Asia/Jakarta
PDG,Padang,ID,Indonesia,Asia/Jakarta
AEG,Padang Sidempuan,ID,Indonesia,Asia/Jakarta
PKY,Palangkaraya,ID,Indonesia,Asia/Jakarta
PLM,Palembang,ID,Indonesia,Asia/Jakarta
PLW,Palu,ID,Indonesia,Asia/Makassar
PGK,Pangkal Pinang,ID,Indonesia,Asia/Jakarta
PKN,Pangkalan Bun,ID,Indonesia,Asia/Jakarta
PKU,Pekanbaru,ID,Indonesia,Asia/Jakarta
PNK,Pontianak,ID,Indonesia,Asia/Jakarta
PSJ,Poso,ID,Indonesia,Asia/Makassar
LOP,Praya,ID,Indonesia,Asia/Makassar
PSU,Putussibau-Borneo Island,ID,Indonesia,Asia/Jakarta
NTX,Ranai-Natuna Besar Island,ID,Indonesia,Asia/Jakarta
RGT,Rengat,ID,Indonesia,Asia/Jakarta
RTG,Ruteng,ID,Indonesia,Asia/Makassar
SBG,Sabang,ID,Indonesia,Asia/Jakarta
SRI,Samarinda,ID,Indonesia,Asia/Makassar
SMQ,Sampit-Borneo Island,ID,Indonesia,Asia/Jakarta
SRG,Semarang,ID,Indonesia,Asia/Jakarta
SEH,Senggeh-Papua Island,ID,Indonesia,Asia/Jayapura
FLZ,Sibolga,ID,Indonesia,Asia/Jakarta
DTB,Siborong-Borong,ID,Indonesia,Asia/Jakarta
SIQ,Singkep,ID,Indonesia,Asia/Jakarta
SQG,Sintang-Borneo Island,ID,Indonesia,Asia/Jakarta
SOC,Solo City,ID,Indonesia,Asia/Jakarta
SQR,Soroako,ID,Indonesia,Asia/Makassar
SOQ,Sorong,ID,Indonesia,Asia/Jayapura
TQQ,Sulawesi Tenggara,ID,Indonesia,Asia/Makassar
SWQ,Sumbawa Island,ID,Indonesia,Asia/Makassar
SUB,Surabaya,ID,Indonesia,Asia/Jakarta
PDO,Talang Gudang-Sumatra Island,ID,Indonesia,Asia/Jakarta
TJQ,Tanjung Pandan,ID,Indonesia,Asia/Jakarta
TNJ,Tanjung Pinang,ID,Indonesia,Asia/Jakarta
BEJ,Tanjung Redep-Borneo Island,ID,Indonesia,Asia/Makassar
TSX,Tanjung Santan,ID,Indonesia,Asia/Makassar
TJS,Tanjung Selor-Borneo Island,ID,Indonesia,Asia/Makassar
TJG,Tanjung-Borneo Island,ID,Indonesia,Asia/Makassar
TRK,Taraken,ID,Indonesia,Asia/Makassar
TSY,Tasikmalaya,ID,Indonesia,Asia/Jakarta
TTE,Ternate,ID,Indonesia,Asia/Jayapura
TIM,Timika,ID,Indonesia,Asia/Jayapura
UPG,Ujung Pandang,ID,Indonesia,Asia/Makassar
TMC,Waikabubak-Sumba Island,ID,Indonesia,Asia/Makassar
WGP,Waingapu,ID,Indonesia,Asia/Makassar
WMX,Wamena,ID,Indonesia,Asia/Jayapura
WAR,Waris-Papua Island,ID,Indonesia,Asia/Jayapura
WSR,Wasior,ID,Indonesia,Asia/Jayapura
JOG,Yogyakarta,ID,Indonesia,Asia/Jakarta
ABD,Abadan,IR,Iran,Asia/Tehran
AEU,Abumusa I.,IR,Iran,Asia/Tehran
AKW,Aghajari,IR,Iran,Asia/Tehran
AWZ,Ahwaz,IR,Iran,Asia/Tehran
AJK,Arak,IR,Iran,Asia/Tehran
ADU,Ardabil,IR,Iran,Asia/Tehran
KSH,Bakhtaran,IR,Iran,Asia/Tehran
BXR,Bam,IR,Iran,Asia/Tehran
BND,Bandar Abbas,IR,Iran,Asia/Tehran
HDR,Bandar Abbas,IR,Iran,Asia/Tehran
BDH,Bandar Lengeh,IR,Iran,Asia/Tehran
MRX,Bandar Mahshahr,IR,Iran,Asia/Tehran
XBJ,Birjand,IR,Iran,Asia/Tehran
BJB,Bojnourd,IR,Iran,Asia/Tehran
BUZ,Bushehr,IR,Iran,Asia/Tehran
ZBR,Chah Bahar,IR,Iran,Asia/Tehran
IFH,Daran,IR,Iran,Asia/Tehran
SRY,Dasht-e-naz,IR,Iran,Asia/Tehran
DEF,Dezful,IR,Iran,Asia/Tehran
RUD,Emam Shahr,IR,Iran,Asia/Tehran
IFN,Esfahan,IR,Iran,Asia/Tehran
FAZ,Fasa,IR,Iran,Asia/Tehran
GCH,Gachsaran,IR,Iran,Asia/Tehran
GZW,Ghazvin,IR,Iran,Asia/Tehran
GBT,Gorgan,IR,Iran,Asia/Tehran
HDM,Hamadan,IR,Iran,Asia/Tehran
IIL,Ilam,IR,Iran,Asia/Tehran
IHR,Iran Shahr,IR,Iran,Asia/Tehran
JAR,Jahrom,IR,Iran,Asia/Tehran
JYR,Jiroft,IR,Iran,Asia/Tehran
KLM,Kalaleh,IR,Iran,Asia/Tehran
KKS,Kashan,IR,Iran,Asia/Tehran
KER,Kerman,IR,Iran,Asia/Tehran
PGU,Khalije Fars,IR,Iran,Asia/Tehran
KHK,Khark Island,IR,Iran,Asia/Tehran
KHD,Khorram Abad,IR,Iran,Asia/Tehran
KHY,Khoy,IR,Iran,Asia/Tehran
KIH,Kish Island,IR,Iran,Asia/Tehran
LFM,Lamerd,IR,Iran,Asia/Tehran
LRR,Lar,IR,Iran,Asia/Tehran
LVP,Lavan Island,IR,Iran,Asia/Tehran
ACP,Maragheh,IR,Iran,Asia/Tehran
MHD,Mashhad,IR,Iran,Asia/Tehran
NSH,Noshahr,IR,Iran,Asia/Tehran
OMI,Omidyeh,IR,Iran,Asia/Tehran
PFQ,Parsabad,IR,Iran,Asia/Tehran
RJN,Rafsanjan,IR,Iran,Asia/Tehran
RZR,Ramsar,IR,Iran,Asia/Tehran
RAS,Rasht,IR,Iran,Asia/Tehran
AFZ,Sabzevar,IR,Iran,Asia/Tehran
SDG,Sanandaj,IR,Iran,Asia/Tehran
CKT,Sarakhs,IR,Iran,Asia/Tehran
CQD,Shahre Kord,IR,Iran,Asia/Tehran
SYZ,Shiraz,IR,Iran,Asia/Tehran
SXI,Siri Island,IR,Iran,Asia/Tehran
SYJ,Sirjan,IR,Iran,Asia/Tehran
TCX,Tabas,IR,Iran,Asia/Tehran
TBZ,Tabriz,IR,Iran,Asia/Tehran
THR,Teheran,IR,Iran,Asia/Tehran
IKA,Tehran,IR,Iran,Asia/Tehran
OMH,Uromiyeh,IR,Iran,Asia/Tehran
YES,Yasuj,IR,Iran,Asia/Tehran
AZD,Yazd,IR,Iran,Asia/Tehran
ACZ,Zabol,IR,Iran,Asia/Tehran
ZAH,Zahedan,IR,Iran,Asia/Tehran
JWN,Zanjan,IR,Iran,Asia/Tehran
IQA,Al Asad,IQ,Iraq,Asia/Baghdad
XQC,Al Bakr,IQ,Iraq,Asia/Baghdad
TQD,Al Taqaddum,IQ,Iraq,Asia/Baghdad
BGW,Baghdad,IQ,Iraq,Asia/Baghdad
BSR,Basrah,IQ,Iraq,Asia/Baghdad
EBL,Erbil,IQ,Iraq,Asia/Baghdad
KIK,Kirkuk,IQ,Iraq,Asia/Baghdad
OSM,Mosul,IQ,Iraq,Asia/Baghdad
NJF,Najaf,IQ,Iraq,Asia/Baghdad
ISU,Sulaymaniyah,IQ,Iraq,Asia/Baghdad
BYT,Bantry,IE,Ireland,Europe/Dublin
NOC,Connaught,IE,Ireland,Europe/Dublin
ORK,Cork,IE,Ireland,Europe/Dublin
CFN,Dongloe,IE,Ireland,Europe/Dublin
DUB,Dublin,IE,Ireland,Europe/Dublin
GWY,Galway,IE,Ireland,Europe/Dublin
NNR,Indreabhan,IE,Ireland,Europe/Dublin
IOR,Inis Mor,IE,Ireland,Europe/Dublin
INQ,Inisheer,IE,Ireland,Europe/Dublin
IIA,Inishmaan,IE,Ireland,Europe/Dublin
KIR,Kerry,IE,Ireland,Europe/Dublin
SNN,Shannon,IE,Ireland,Europe/Dublin
SXL,Sligo,IE,Ireland,Europe/Dublin
WAT,Waterford,IE,Ireland,Europe/Dublin
IOM,Isle Of Man,IM,Isle of Man,Europe/Isle_of_Man
BEV,Beer-sheba,IL,Israel,Asia/Jerusalem
ETH,Elat,IL,Israel,Asia/Jerusalem
EIY,Eyn-yahav,IL,Israel,Asia/Jerusalem
HFA,Haifa,IL,Israel,Asia/Jerusalem
MTZ,Metzada,IL,Israel,Asia/Jerusalem
VTM,Nevatim,IL,Israel,Asia/Jerusalem
VDA,Ovda,IL,Israel,Asia/Jerusalem
MIP,Ramon,IL,Israel,Asia/Jerusalem
RPN,Rosh Pina,IL,Israel,Asia/Jerusalem
SDV,Tel-aviv,IL,Israel,Asia/Jerusalem
TLV,Tel-aviv,IL,Israel,Asia/Jerusalem
ALL,Albenga,IT,Italy,Europe/Rome
AHO,Alghero,IT,Italy,Europe/Rome
AOI,Ancona,IT,Italy,Europe/Rome
AOT,Aosta,IT,Italy,Europe/Rome
AVB,Aviano,IT,Italy,Europe/Rome
BRI,Bari,IT,Italy,Europe/Rome
BGY,Bergamo,IT,Italy,Europe/Rome
BLQ,Bologna,IT,Italy,Europe/Rome
BZO,Bolzano,IT,Italy,Europe/Rome
VBS,Brescia,IT,Italy,Europe/Rome
BDS,Brindisi,IT,Italy,Europe/Rome
CAG,Cagliari,IT,Italy,Europe/Rome
CTA,Catania,IT,Italy,Europe/Rome
CIY,Comiso,IT,Italy,Europe/Rome
CRV,Crotone,IT,Italy,Europe/Rome
CUF,Cuneo,IT,Italy,Europe/Rome
DCI,Decimomannu,IT,Italy,Europe/Rome
FLR,Florence,IT,Italy,Europe/Rome
FOG,Foggia,IT,Italy,Europe/Rome
FRL,Forli,IT,Italy,Europe/Rome
GOA,Genoa,IT,Italy,Europe/Rome
GRS,Grosseto,IT,Italy,Europe/Rome
TAR,Grottaglie,IT,Italy,Europe/Rome
SUF,Lamezia,IT,Italy,Europe/Rome
LMP,Lampedusa,IT,Italy,Europe/Rome
QLT,Latina,IT,Italy,Europe/Rome
LCC,Lecce,IT,Italy,Europe/Rome
EBA,Marina Di Campo,IT,Italy,Europe/Rome
LIN,Milan,IT,Italy,Europe/Rome
MXP,Milano,IT,Italy,Europe/Rome
NAP,Naples,IT,Italy,Europe/Rome
OLB,Olbia,IT,Italy,Europe/Rome
FNU,Oristano,IT,Italy,Europe/Rome
QPA,Padova,IT,Italy,Europe/Rome
PMO,Palermo,IT,Italy,Europe/Rome
PNL,Pantelleria,IT,Italy,Europe/Rome
PMF,Parma,IT,Italy,Europe/Rome
PEG,Perugia,IT,Italy,Europe/Rome
PSR,Pescara,IT,Italy,Europe/Rome
PSA,Pisa,IT,Italy,Europe/Rome
REG,Reggio Calabria,IT,Italy,Europe/Rome
RMI,Rimini,IT,Italy,Europe/Rome
CIA,Rome,IT,Italy,Europe/Rome
FCO,Rome,IT,Italy,Europe/Rome
TRS,Ronchi De Legionari,IT,Italy,Europe/Rome
QSR,Salerno,IT,Italy,Europe/Rome
SAY,Siena,IT,Italy,Europe/Rome
NSY,Sigonella,IT,Italy,Europe/Rome
TRN,Torino,IT,Italy,Europe/Rome
TTB,Tortoli,IT,Italy,Europe/Rome
TPS,Trapani,IT,Italy,Europe/Rome
TSF,Treviso,IT,Italy,Europe/Rome
VCE,Venice,IT,Italy,Europe/Rome
VIC,Vicenza,IT,Italy,Europe/Rome
VRN,Villafranca,IT,Italy,Europe/Rome
KIN,Kingston,JM,Jamaica,America/Jamaica
KTP,Kingston,JM,Jamaica,America/Jamaica
MBJ,Montego Bay,JM,Jamaica,America/Jamaica
NEG,Negril,JM,Jamaica,America/Jamaica
OCJ,Ocho Rios,JM,Jamaica,America/Jamaica
POT,Port Antonio,JM,Jamaica,America/Jamaica
AGJ,Aguni,JP,Japan,Asia/Tokyo
AXT,Akita,JP,Japan,Asia/Tokyo
AXJ,Amakusa,JP,Japan,Asia/Tokyo
ASJ,Amami,JP,Japan,Asia/Tokyo
AOJ,Aomori,JP,Japan,Asia/Tokyo
AKJ,Asahikawa,JP,Japan,Asia/Tokyo
NJA,Atsugi,JP,Japan,Asia/Tokyo
FUJ,Fukue,JP,Japan,Asia/Tokyo
FKJ,Fukui,JP,Japan,Asia/Tokyo
FUK,Fukuoka,JP,Japan,Asia/Tokyo
FKS,Fukushima,JP,Japan,Asia/Tokyo
QGU,Gifu,JP,Japan,Asia/Tokyo
HAC,Hachijojima,JP,Japan,Asia/Tokyo
HHE,Hachinoe,JP,Japan,Asia/Tokyo
HKD,Hakodate,JP,Japan,Asia/Tokyo
HNA,Hanamaki,JP,Japan,Asia/Tokyo
HIJ,Hiroshima,JP,Japan,Asia/Tokyo
HIW,Hiroshima,JP,Japan,Asia/Tokyo
IBR,Ibaraki,JP,Japan,Asia/Tokyo
IKI,Iki,JP,Japan,Asia/Tokyo
ISG,Ishigaki,JP,Japan,Asia/Tokyo
IWJ,Iwami,JP,Japan,Asia/Tokyo
IWO,Iwojima,JP,Japan,Asia/Tokyo
IZO,Izumo,JP,Japan,Asia/Tokyo
DNA,Kadena,JP,Japan,Asia/Tokyo
KOJ,Kagoshima,JP,Japan,Asia/Tokyo
KMQ,Kanazawa,JP,Japan,Asia/Tokyo
KJP,Kerama,JP,Japan,Asia/Tokyo
KKX,Kikai,JP,Japan,Asia/Tokyo
KTD,Kitadaito,JP,Japan,Asia/Tokyo
KKJ,Kitakyushu,JP,Japan,Asia/Tokyo
UKB,Kobe,JP,Japan,Asia/Tokyo
KCZ,Kochi,JP,Japan,Asia/Tokyo
KMJ,Kumamoto,JP,Japan,Asia/Tokyo
UEO,Kumejima,JP,Japan,Asia/Tokyo
KUH,Kushiro,JP,Japan,Asia/Tokyo
MMJ,Matsumoto,JP,Japan,Asia/Tokyo
MYJ,Matsuyama,JP,Japan,Asia/Tokyo
MMB,Memanbetsu,JP,Japan,Asia/Tokyo
YGJ,Miho,JP,Japan,Asia/Tokyo
MMD,Minami Daito,JP,Japan,Asia/Tokyo
MUS,Minami Tori Shima,JP,Japan,Asia/Tokyo
MSJ,Misawa,JP,Japan,Asia/Tokyo
MYE,Miyakejima,JP,Japan,Asia/Tokyo
MMY,Miyako,JP,Japan,Asia/Tokyo
KMI,Miyazaki,JP,Japan,Asia/Tokyo
MBE,Monbetsu,JP,Japan,Asia/Tokyo
NGS,Nagasaki,JP,Japan,Asia/Tokyo
NGO,Nagoya,JP,Japan,Asia/Tokyo
NKM,Nagoya,JP,Japan,Asia/Tokyo
SHB,Nakashibetsu,JP,Japan,Asia/Tokyo
SHM,Nanki-shirahama,JP,Japan,Asia/Tokyo
KIJ,Niigata,JP,Japan,Asia/Tokyo
OBO,Obihiro,JP,Japan,Asia/Tokyo
ONJ,Odate Noshiro,JP,Japan,Asia/Tokyo
OIT,Oita,JP,Japan,Asia/Tokyo
OKJ,Okayama,JP,Japan,Asia/Tokyo
OKI,Oki Island,JP,Japan,Asia/Tokyo
OKE,Okierabu,JP,Japan,Asia/Tokyo
OKA,Okinawa,JP,Japan,Asia/Tokyo
OIR,Okushiri,JP,Japan,Asia/Tokyo
ITM,Osaka,JP,Japan,Asia/Tokyo
KIX,Osaka,JP,Japan,Asia/Tokyo
OIM,Oshima,JP,Japan,Asia/Tokyo
RIS,Rishiri Island,JP,Japan,Asia/Tokyo
SDS,Sado,JP,Japan,Asia/Tokyo
HSG,Saga,JP,Japan,Asia/Tokyo
CTS,Sapporo,JP,Japan,Asia/Tokyo
OKD,Sapporo,JP,Japan,Asia/Tokyo
SDJ,Sendai,JP,Japan,Asia/Tokyo
SHI,Shimojishima,JP,Japan,Asia/Tokyo
SYO,Shonai,JP,Japan,Asia/Tokyo
TAK,Takamatsu,JP,Japan,Asia/Tokyo
TNE,Tanegashima,JP,Japan,Asia/Tokyo
TRA,Tarama,JP,Japan,Asia/Tokyo
TKN,Tokunoshima,JP,Japan,Asia/Tokyo
TKS,Tokushima,JP,Japan,Asia/Tokyo
HND,Tokyo,JP,Japan,Asia/Tokyo
NRT,Tokyo,JP,Japan,Asia/Tokyo
TTJ,Tottori,JP,Japan,Asia/Tokyo
TOY,Toyama,JP,Japan,Asia/Tokyo
TJH,Toyooka,JP,Japan,Asia/Tokyo
TSJ,Tsushima,JP,Japan,Asia/Tokyo
NTQ,Wajima,JP,Japan,Asia/Tokyo
WKJ,Wakkanai,JP,Japan,Asia/Tokyo
KUM,Yakushima,JP,Japan,Asia/Tokyo
GAJ,Yamagata,JP,Japan,Asia/Tokyo
UBJ,Yamaguchi,JP,Japan,Asia/Tokyo
OKO,Yokota,JP,Japan,Asia/Tokyo
OGN,Yonaguni Jima,JP,Japan,Asia/Tokyo
RNJ,Yoron,JP,Japan,Asia/Tokyo
JER,Jersey,JE,Jersey,Europe/Jersey
ADJ,Amman,JO,Jordan,Asia/Amman
AMM,Amman,JO,Jordan,Asia/Amman
AQJ,Aqaba,JO,Jordan,Asia/Amman
OMF,Mafraq,JO,Jordan,Asia/Amman
SCO,Aktau,KZ,Kazakhstan,Asia/Oral
AKX,Aktyubinsk,KZ,Kazakhstan,Asia/Oral
ALA,Alma-ata,KZ,Kazakhstan,Asia/Qyzylorda
AYK,Arkalyk,KZ,Kazakhstan,Asia/Qyzylorda
GUW,Atyrau,KZ,Kazakhstan,Asia/Oral
BXY,Baikonur,KZ,Kazakhstan,Asia/Qyzylorda
BXH,Balkhash,KZ,Kazakhstan,Asia/Qyzylorda
CIT,Chimkent,KZ,Kazakhstan,Asia/Qyzylorda
DMB,Dzhambul,KZ,Kazakhstan,Asia/Qyzylorda
EKB,Ekibastuz,KZ,Kazakhstan,Asia/Qyzylorda
KGF,Karaganda,KZ,Kazakhstan,Asia/Qyzylorda
KOV,Kokshetau,KZ,Kazakhstan,Asia/Qyzylorda
KSN,Kostanay,KZ,Kazakhstan,Asia/Qyzylorda
KZO,Kzyl-Orda,KZ,Kazakhstan,Asia/Qyzylorda
PWQ,Pavlodar,KZ,Kazakhstan,Asia/Qyzylorda
PPK,Petropavlosk,KZ,Kazakhstan,Asia/Qyzylorda
PLX,Semiplatinsk,KZ,Kazakhstan,Asia/Qyzylorda
TSE,Tselinograd,KZ,Kazakhstan,Asia/Qyzylorda
URA,Uralsk,KZ,Kazakhstan,Asia/Oral
UKK,Ust Kamenogorsk,KZ,Kazakhstan,Asia/Qyzylorda
DZN,Zhezkazgan,KZ,Kazakhstan,Asia/Qyzylorda
ASV,Amboseli National Park,KE,Kenya,Africa/Nairobi
EDL,Eldoret,KE,Kenya,Africa/Nairobi
GAS,Garissa,KE,Kenya,Africa/Nairobi
HOA,Hola,KE,Kenya,Africa/Nairobi
GGM,Kakamega,KE,Kenya,Africa/Nairobi
KEY,Kericho,KE,Kenya,Africa/Nairobi
ILU,Kilaguni,KE,Kenya,Africa/Nairobi
KIS,Kisumu,KE,Kenya,Africa/Nairobi
KTL,Kitale,KE,Kenya,Africa/Nairobi
LAU,Lamu,KE,Kenya,Africa/Nairobi
LOK,Lodwar,KE,Kenya,Africa/Nairobi
LKG,Lokichoggio,KE,Kenya,Africa/Nairobi
MYD,Malindi,KE,Kenya,Africa/Nairobi
MRE,Masai Mara,KE,Kenya,Africa/Nairobi
JJM,Meru National Park,KE,Kenya,Africa/Nairobi
MBA,Mombasa,KE,Kenya,Africa/Nairobi
OYL,Moyale,KE,Kenya,Africa/Nairobi
NYE,NYERI,KE,Kenya,Africa/Nairobi
NBO,Nairobi,KE,Kenya,Africa/Nairobi
WIL,Nairobi,KE,Kenya,Africa/Nairobi
NYK,Nanyuki,KE,Kenya,Africa/Nairobi
UAS,Samburu South,KE,Kenya,Africa/Nairobi
UKA,Ukunda,KE,Kenya,Africa/Nairobi
WJR,Wajir,KE,Kenya,Africa/Nairobi
ABF,Abaiang Atoll,KI,Kiribati,Pacific/Tarawa
AEA,Abemama,KI,Kiribati,Pacific/Tarawa
AIS,Arorae,KI,Kiribati,Pacific/Tarawa
BEZ,Beru Island,KI,Kiribati,Pacific/Tarawa
BBG,Butaritari,KI,Kiribati,Pacific/Tarawa
CIS,Canton Island,KI,Kiribati,Pacific/Enderbury
KUC,Kuria,KI,Kiribati,Pacific/Tarawa
MNK,Maiana,KI,Kiribati,Pacific/Tarawa
MTK,Makin,KI,Kiribati,Pacific/Tarawa
MZK,Marakei,KI,Kiribati,Pacific/Tarawa
NIG,Nikunau,KI,Kiribati,Pacific/Tarawa
NON,Nonouti,KI,Kiribati,Pacific/Tarawa
TSU,Tabiteuea,KI,Kiribati,Pacific/Tarawa
TMN,Tamana,KI,Kiribati,Pacific/Tarawa
TRW,Tarawa,KI,Kiribati,Pacific/Tarawa
KWI,Kuwait,KW,Kuwait,Asia/Kuwait
FRU,Bishkek,KG,Kyrgyzstan,Asia/Bishkek
OSS,Osh,KG,Kyrgyzstan,Asia/Bishkek
HOE,Huay Xai,LA,Laos,Asia/Vientiane
LXG,Luang Namtha,LA,Laos,Asia/Vientiane
LPQ,Luang Prabang,LA,Laos,Asia/Vientiane
ODY,Muang Xay,LA,Laos,Asia/Vientiane
PKZ,Pakse,LA,Laos,Asia/Vientiane
XKH,Phon Savan,LA,Laos,Asia/Vientiane
NEU,Sam Neua,LA,Laos,Asia/Vientiane
VNA,Saravane,LA,Laos,Asia/Vientiane
ZVK,Savannakhet,LA,Laos,Asia/Vientiane
VTE,Vientiane,LA,Laos,Asia/Vientiane
LPX,Liepaja,LV,Latvia,Europe/Riga
RIX,Riga,LV,Latvia,Europe/Riga
VNT,Ventspils,LV,Latvia,Europe/Riga
BEY,Beirut,LB,Lebanon,Asia/Beirut
KYE,Kleiat,LB,Lebanon,Asia/Beirut
MSU,Maseru,LS,Lesotho,Africa/Maseru
CPA,Greenville,LR,Liberia,Africa/Monrovia
MLW,Monrovia,LR,Liberia,Africa/Monrovia
ROB,Monrovia,LR,Liberia,Africa/Monrovia
LAQ,Al Bayda',LY,Libya,Africa/Tripoli
BEN,Benghazi,LY,Libya,Africa/Tripoli
LTD,Ghadames,LY,Libya,Africa/Tripoli
GHT,Ghat,LY,Libya,Africa/Tripoli
HUQ,Hon,LY,Libya,Africa/Tripoli
AKF,Kufra,LY,Libya,Africa/Tripoli
LMQ,Marsa Brega,LY,Libya,Africa/Tripoli
SEB,Sebha,LY,Libya,Africa/Tripoli
SRX,Sirt,LY,Libya,Africa/Tripoli
TOB,Tobruk,LY,Libya,Africa/Tripoli
MJI,Tripoli,LY,Libya,Africa/Tripoli
TIP,Tripoli,LY,Libya,Africa/Tripoli
HLJ,Barysiai,LT,Lithuania,Europe/Vilnius
KUN,Kaunas,LT,Lithuania,Europe/Vilnius
PLQ,Palanga,LT,Lithuania,Europe/Vilnius
PNV,Panevezys,LT,Lithuania,Europe/Vilnius
SQQ,Siauliai,LT,Lithuania,Europe/Vilnius
VNO,Vilnius,LT,Lithuania,Europe/Vilnius
LUX,Luxemburg,LU,Luxembourg,Europe/Luxembourg
MFM,Macau,MO,Macau,Asia/Macau
WAM,Ambatondrazaka,MG,Madagascar,Indian/Antananarivo
AMB,Ambilobe,MG,Madagascar,Indian/Antananarivo
IVA,Ampampamena,MG,Madagascar,Indian/Antananarivo
HVA,Analalava,MG,Madagascar,Indian/Antananarivo
ZWA,Andapa,MG,Madagascar,Indian/Antananarivo
JVA,Ankavandra,MG,Madagascar,Indian/Antananarivo
ANM,Antalaha,MG,Madagascar,Indian/Antananarivo
TNR,Antananarivo,MG,Madagascar,Indian/Antananarivo
WAQ,Antsalova,MG,Madagascar,Indian/Antananarivo
ATJ,Antsirabe,MG,Madagascar,Indian/Antananarivo
DIE,Antsiranana,MG,Madagascar,Indian/Antananarivo
WAI,Antsohihy,MG,Madagascar,Indian/Antananarivo
OVA,Bekily,MG,Madagascar,Indian/Antananarivo
BMD,Belo sur Tsiribihina,MG,Madagascar,Indian/Antananarivo
BPY,Besalampy,MG,Madagascar,Indian/Antananarivo
RVA,Farafangana,MG,Madagascar,Indian/Antananarivo
WFI,Fianarantsoa,MG,Madagascar,Indian/Antananarivo
MJN,Mahajanga,MG,Madagascar,Indian/Antananarivo
MXT,Maintirano,MG,Madagascar,Indian/Antananarivo
WMP,Mampikony,MG,Madagascar,Indian/Antananarivo
WVK,Manakara,MG,Madagascar,Indian/Antananarivo
WMR,Mananara,MG,Madagascar,Indian/Antananarivo
MNJ,Mananjary,MG,Madagascar,Indian/Antananarivo
WMA,Mandritsara,MG,Madagascar,Indian/Antananarivo
MJA,Manja,MG,Madagascar,Indian/Antananarivo
WMN,Maroantsetra,MG,Madagascar,Indian/Antananarivo
ZVA,Miandrivazo,MG,Madagascar,Indian/Antananarivo
TVA,Morafenobe,MG,Madagascar,Indian/Antananarivo
MXM,Morombe,MG,Madagascar,Indian/Antananarivo
MOQ,Morondava,MG,Madagascar,Indian/Antananarivo
NOS,Nosy-be,MG,Madagascar,Indian/Antananarivo
WPB,Port Bergé,MG,Madagascar,Indian/Antananarivo
SMS,Sainte Marie,MG,Madagascar,Indian/Antananarivo
SVB,Sambava,MG,Madagascar,Indian/Antananarivo
DWB,Soalala,MG,Madagascar,Indian/Antananarivo
WTA,Tambohorano,MG,Madagascar,Indian/Antananarivo
TMM,Toamasina,MG,Madagascar,Indian/Antananarivo
FTU,Tolagnaro,MG,Madagascar,Indian/Antananarivo
TLE,Toliara,MG,Madagascar,Indian/Antananarivo
WTS,Tsiroanomandidy,MG,Madagascar,Indian/Antananarivo
VOH,Vohemar,MG,Madagascar,Indian/Antananarivo
BLZ,Blantyre,MW,Malawi,Africa/Blantyre
CMK,Club Makokola,MW,Malawi,Africa/Blantyre
KGJ,Karonga,MW,Malawi,Africa/Blantyre
KBQ,Kasungu,MW,Malawi,Africa/Blantyre
LIX,Likoma Island,MW,Malawi,Africa/Blantyre
LLW,Lilongwe,MW,Malawi,Africa/Blantyre
ZZU,Mzuzu,MW,Malawi,Africa/Blantyre
AOR,Alor Setar,MY,Malaysia,Asia/Kuala_Lumpur
BKM,Bakalalan,MY,Malaysia,Asia/Kuala_Lumpur
BBN,Bario,MY,Malaysia,Asia/Kuala_Lumpur
BLG,Belaga,MY,Malaysia,Asia/Kuala_Lumpur
BTU,Bintulu,MY,Malaysia,Asia/Kuala_Lumpur
BWH,Butterworth,MY,Malaysia,Asia/Kuala_Lumpur
IPH,Ipoh,MY,Malaysia,Asia/Kuala_Lumpur
JHB,Johor Bahru,MY,Malaysia,Asia/Kuala_Lumpur
KTE,Kerteh,MY,Malaysia,Asia/Kuala_Lumpur
KBR,Kota Bahru,MY,Malaysia,Asia/Kuala_Lumpur
BKI,Kota Kinabalu,MY,Malaysia,Asia/Kuala_Lumpur
KUL,Kuala Lumpur,MY,Malaysia,Asia/Kuala_Lumpur
SZB,Kuala Lumpur,MY,Malaysia,Asia/Kuala_Lumpur
TGG,Kuala Terengganu,MY,Malaysia,Asia/Kuala_Lumpur
KUA,Kuantan,MY,Malaysia,Asia/Kuala_Lumpur
KCH,Kuching,MY,Malaysia,Asia/Kuala_Lumpur
KUD,Kudat,MY,Malaysia,Asia/Kuala_Lumpur
LBU,Labuan,MY,Malaysia,Asia/Kuala_Lumpur
LDU,Lahad Datu,MY,Malaysia,Asia/Kuala_Lumpur
LGK,Langkawi,MY,Malaysia,Asia/Kuala_Lumpur
LWY,Lawas,MY,Malaysia,Asia/Kuala_Lumpur
LMN,Limbang,MY,Malaysia,Asia/Kuala_Lumpur
LKH,Long Akah,MY,Malaysia,Asia/Kuala_Lumpur
LGL,Long Datih,MY,Malaysia,Asia/Kuala_Lumpur
ODN,Long Seridan,MY,Malaysia,Asia/Kuala_Lumpur
MKZ,Malacca,MY,Malaysia,Asia/Kuala_Lumpur
MUR,Marudi,MY,Malaysia,Asia/Kuala_Lumpur
MYY,Miri,MY,Malaysia,Asia/Kuala_Lumpur
MKM,Mukah,MY,Malaysia,Asia/Kuala_Lumpur
MZV,Mulu,MY,Malaysia,Asia/Kuala_Lumpur
PKG,Pangkor Island,MY,Malaysia,Asia/Kuala_Lumpur
PEN,Penang,MY,Malaysia,Asia/Kuala_Lumpur
RDN,Redang,MY,Malaysia,Asia/Kuala_Lumpur
SDK,Sandakan,MY,Malaysia,Asia/Kuala_Lumpur
SBW,Sibu,MY,Malaysia,Asia/Kuala_Lumpur
TWU,Tawau,MY,Malaysia,Asia/Kuala_Lumpur
TOD,Tioman,MY,Malaysia,Asia/Kuala_Lumpur
TMG,Tomanggong,MY,Malaysia,Asia/Kuala_Lumpur
GAN,Gan Island,MV,Maldives,Indian/Maldives
HAQ,Haa Dhaalu Atoll,MV,Maldives,Indian/Maldives
KDM,Kaadedhdhoo,MV,Maldives,Indian/Maldives
GKK,Kooddoo,MV,Maldives,Indian/Maldives
KDO,Laamu Atoll,MV,Maldives,Indian/Maldives
VAM,Maamigili,MV,Maldives,Indian/Maldives
MLE,Male,MV,Maldives,Indian/Maldives
BKO,Bamako,ML,Mali,Africa/Bamako
GAQ,Gao,ML,Mali,Africa/Bamako
KYS,Kayes,ML,Mali,Africa/Bamako
MZI,Mopti,ML,Mali,Africa/Bamako
KSS,Sikasso,ML,Mali,Africa/Bamako
TOM,Tombouctou,ML,Mali,Africa/Bamako
GZM,Gozo,MT,Malta,Europe/Malta
MLA,Malta,MT,Malta,Europe/Malta
ENT,Eniwetok Atoll,MH,Marshall Islands,Pacific/Majuro
KIO,Kili Island,MH,Marshall Islands,Pacific/Majuro
KWA,Kwajalein,MH,Marshall Islands,Pacific/Majuro
MAJ,Majuro,MH,Marshall Islands,Pacific/Majuro
MIJ,Mili Island,MH,Marshall Islands,Pacific/Majuro
UJE,Ujae Atoll,MH,Marshall Islands,Pacific/Majuro
UTK,Utirik Island,MH,Marshall Islands,Pacific/Majuro
FDF,Fort-de-france,MQ,Martinique,America/Martinique
AEO,Aioun El Atrouss,MR,Mauritania,Africa/Nouakchott
ATR,Atar,MR,Mauritania,Africa/Nouakchott
KED,Kaedi,MR,Mauritania,Africa/Nouakchott
KFA,Kiffa,MR,Mauritania,Africa/Nouakchott
EMN,Nema,MR,Mauritania,Africa/Nouakchott
NDB,Nouadhibou,MR,Mauritania,Africa/Nouakchott
NKC,Nouakschott,MR,Mauritania,Africa/Nouakchott
SEY,Selibabi,MR,Mauritania,Africa/Nouakchott
TIY,Tidjikja,MR,Mauritania,Africa/Nouakchott
OUZ,Zouerat,MR,Mauritania,Africa/Nouakchott
MRU,Plaisance,MU,Mauritius,Indian/Mauritius
RRG,Rodriguez Island,MU,Mauritius,Indian/Mauritius
DZA,Dzaoudzi,YT,Mayotte,Indian/Mayotte
ACA,Acapulco,MX,Mexico,America/Mexico_City
AGU,Aguascalientes,MX,Mexico,America/Mexico_City
CPE,Campeche,MX,Mexico,America/Mexico_City
CUN,Cancun,MX,Mexico,America/Cancun
CYW,Celaya,MX,Mexico,America/Mexico_City
CTM,Chetumal,MX,Mexico,America/Cancun
CZA,Chichen Itza,MX,Mexico,America/Mexico_City
CUU,Chihuahua,MX,Mexico,America/Mazatlan
ACN,Ciudad Acuna,MX,Mexico,America/Mexico_City
CUA,Ciudad Constitución,MX,Mexico,America/Mazatlan
CME,Ciudad Del Carmen,MX,Mexico,America/Mexico_City
CJS,Ciudad Juarez,MX,Mexico,America/Mazatlan
CEN,Ciudad Obregon,MX,Mexico,America/Hermosillo
CVM,Ciudad Victoria,MX,Mexico,America/Mexico_City
CLQ,Colima,MX,Mexico,America/Mexico_City
CZM,Cozumel,MX,Mexico,America/Cancun
CVJ,Cuernavaca,MX,Mexico,America/Mexico_City
CUL,Culiacan,MX,Mexico,America/Mazatlan
BJX,Del Bajio,MX,Mexico,America/Mexico_City
DGO,Durango,MX,Mexico,America/Mexico_City
ESE,Ensenada,MX,Mexico,America/Tijuana
GDL,Guadalajara,MX,Mexico,America/Mexico_City
GYM,Guaymas,MX,Mexico,America/Hermosillo
GUB,Guerrero Negro,MX,Mexico,America/Tijuana
HMO,Hermosillo,MX,Mexico,America/Hermosillo
HUX,Huatulco,MX,Mexico,America/Mexico_City
ISJ,Isla Mujeres,MX,Mexico,America/Cancun
IZT,Iztepec,MX,Mexico,America/Mexico_City
JAL,Jalapa,MX,Mexico,America/Mexico_City
LAP,La Paz,MX,Mexico,America/Mazatlan
LZC,Lazard Cardenas,MX,Mexico,America/Mexico_City
LTO,Loreto,MX,Mexico,America/Mazatlan
LMM,Los Mochis,MX,Mexico,America/Mazatlan
ZLO,Manzanillo,MX,Mexico,America/Mexico_City
MAM,Matamoros,MX,Mexico,America/Mexico_City
MZT,Mazatlan,MX,Mexico,America/Mazatlan
MID,Merida,MX,Mexico,America/Mexico_City
MXL,Mexicali,MX,Mexico,America/Tijuana
MEX,Mexico City,MX,Mexico,America/Mexico_City
MTT,Minatitlan,MX,Mexico,America/Mexico_City
LOV,Monclova,MX,Mexico,America/Mexico_City
MTY,Monterrey,MX,Mexico,America/Mexico_City
NTR,Monterrey,MX,Mexico,America/Mexico_City
MLM,Morelia,MX,Mexico,America/Mexico_City
NOG,Nogales,MX,Mexico,America/Hermosillo
NCG,Nuevo Casas Grandes,MX,Mexico,America/Mazatlan
NLD,Nuevo Laredo,MX,Mexico,America/Mexico_City
OAX,Oaxaca,MX,Mexico,America/Mexico_City
PDS,Piedras Negras,MX,Mexico,America/Mexico_City
PAZ,Poza Rico,MX,Mexico,America/Mexico_City
PBC,Puebla,MX,Mexico,America/Mexico_City
PXM,Puerto Escondido,MX,Mexico,America/Mexico_City
PVR,Puerto Vallarta,MX,Mexico,America/Mexico_City
PPE,Punta Penasco,MX,Mexico,America/Hermosillo
QRO,Queretaro,MX,Mexico,America/Mexico_City
REX,Reynosa,MX,Mexico,America/Mexico_City
SLW,Saltillo,MX,Mexico,America/Mexico_City
SFH,San Filipe,MX,Mexico,America/Tijuana
SJD,San Jose Del Cabo,MX,Mexico,America/Mazatlan
SLP,San Luis Potosi,MX,Mexico,America/Mexico_City
TAM,Tampico,MX,Mexico,America/Mexico_City
TSL,Tamuin,MX,Mexico,America/Mexico_City
TAP,Tapachula,MX,Mexico,America/Mexico_City
TCN,Tehuacan,MX,Mexico,America/Mexico_City
TPQ,Tepic,MX,Mexico,America/Mazatlan
TIJ,Tijuana,MX,Mexico,America/Tijuana
TLC,Toluca,MX,Mexico,America/Mexico_City
TRC,Torreon,MX,Mexico,America/Mexico_City
TGZ,Tuxtla Gutierrez,MX,Mexico,America/Mexico_City
UPN,Uruapan,MX,Mexico,America/Mexico_City
VER,Vera Cruz,MX,Mexico,America/Mexico_City
VSA,Villahermosa,MX,Mexico,America/Mexico_City
ZCL,Zacatecas,MX,Mexico,America/Mexico_City
ZMM,Zamora,MX,Mexico,America/Mexico_City
ZIH,Zihuatanejo,MX,Mexico,America/Mexico_City
TKK,Chuuk,FM,Micronesia,Pacific/Truk
KSA,Kosrae,FM,Micronesia,Pacific/Kosrae
PNI,Pohnpei,FM,Micronesia,Pacific/Ponape
YAP,Yap,FM,Micronesia,Pacific/Truk
KIV,Chisinau,MD,Moldova,Europe/Chisinau
BZY,Saltsy,MD,Moldova,Europe/Chisinau
LTI,Altai,MN,Mongolia,Asia/Ulaanbaatar
AVK,Arvaikheer,MN,Mongolia,Asia/Ulaanbaatar
BYN,Bayankhongor,MN,Mongolia,Asia/Ulaanbaatar
UGA,Bulgan,MN,Mongolia,Asia/Ulaanbaatar
COQ,Choibalsan,MN,Mongolia,Asia/Ulaanbaatar
DLZ,Dalanzadgad,MN,Mongolia,Asia/Ulaanbaatar
HVD,Khovd,MN,Mongolia,Asia/Hovd
MXV,Muren,MN,Mongolia,Asia/Ulaanbaatar
ULG,Olgii,MN,Mongolia,Asia/Hovd
ULO,Ulaangom,MN,Mongolia,Asia/Hovd
ULN,Ulan Bator,MN,Mongolia,Asia/Ulaanbaatar
ULZ,Uliastai,MN,Mongolia,Asia/Ulaanbaatar
TGD,Podgorica,ME,Montenegro,Europe/Podgorica
TIV,Tivat,ME,Montenegro,Europe/Podgorica
MNI,Geralds,MS,Montserrat,America/Montserrat
AGA,Agadir,MA,Morocco,Africa/Casablanca
AHU,Al Hociema,MA,Morocco,Africa/Casablanca
GMD,Ben Slimane,MA,Morocco,Africa/Casablanca
BEM,Beni Mellal,MA,Morocco,Africa/Casablanca
UAR,Bouarfa,MA,Morocco,Africa/Casablanca
CMN,Casablanca,MA,Morocco,Africa/Casablanca
NDR,El Aroui,MA,Morocco,Africa/Casablanca
ERH,Er-rachidia,MA,Morocco,Africa/Casablanca
ESU,Essadouira,MA,Morocco,Africa/Casablanca
FEZ,Fes,MA,Morocco,Africa/Casablanca
NNA,Kentira,MA,Morocco,Africa/Casablanca
RAK,Marrakech,MA,Morocco,Africa/Casablanca
MEK,Meknes,MA,Morocco,Africa/Casablanca
OZZ,Ouarzazate,MA,Morocco,Africa/Casablanca
OUD,Oujda,MA,Morocco,Africa/Casablanca
RBA,Rabat,MA,Morocco,Africa/Casablanca
TTA,Tan Tan,MA,Morocco,Africa/Casablanca
TNG,Tanger,MA,Morocco,Africa/Casablanca
TTU,Tetouan,MA,Morocco,Africa/Casablanca
OZG,Zagora,MA,Morocco,Africa/Casablanca
BEW,Beira,MZ,Mozambique,Africa/Maputo
VPY,Chimoio,MZ,Mozambique,Africa/Maputo
FXO,Cuamba,MZ,Mozambique,Africa/Maputo
IHC,Inhaca,MZ,Mozambique,Africa/Maputo
INH,Inhambane,MZ,Mozambique,Africa/Maputo
VXC,Lichinga,MZ,Mozambique,Africa/Maputo
LFB,Lumbo,MZ,Mozambique,Africa/Maputo
MPM,Maputo,MZ,Mozambique,Africa/Maputo
MZB,Mocimboa Da Praia,MZ,Mozambique,Africa/Maputo
MUD,Mueda,MZ,Mozambique,Africa/Maputo
MNC,Nacala,MZ,Mozambique,Africa/Maputo
APL,Nampula,MZ,Mozambique,Africa/Maputo
POL,Pemba,MZ,Mozambique,Africa/Maputo
UEL,Quelimane,MZ,Mozambique,Africa/Maputo
TET,Tete,MZ,Mozambique,Africa/Maputo
VNX,Vilankulu,MZ,Mozambique,Africa/Maputo
VBA,Ann,MM,Myanmar,Asia/Rangoon
BPE,Bagan,MM,Myanmar,Asia/Shanghai
NYU,Bagan,MM,Myanmar,Asia/Rangoon
BMO,Banmaw,MM,Myanmar,Asia/Rangoon
VBP,Bokepyin,MM,Myanmar,Asia/Rangoon
TVY,Dawei,MM,Myanmar,Asia/Rangoon
HEH,Heho,MM,Myanmar,Asia/Rangoon
HOX,Hommalin,MM,Myanmar,Asia/Rangoon
PAA,Hpa-an,MM,Myanmar,Asia/Rangoon
KMV,Kalemyo,MM,Myanmar,Asia/Rangoon
KAW,Kawthoung,MM,Myanmar,Asia/Rangoon
KET,Kengtung,MM,Myanmar,Asia/Rangoon
KHM,Khamti,MM,Myanmar,Asia/Rangoon
KYP,Kyaukpyu,MM,Myanmar,Asia/Rangoon
LSH,Lashio,MM,Myanmar,Asia/Rangoon
LIW,Loikaw,MM,Myanmar,Asia/Rangoon
MWQ,Magwe,MM,Myanmar,Asia/Rangoon
MDL,Mandalay,MM,Myanmar,Asia/Rangoon
MNU,Mawlamyine,MM,Myanmar,Asia/Rangoon
MOE,Momeik,MM,Myanmar,Asia/Rangoon
MOG,Mong Hsat,MM,Myanmar,Asia/Rangoon
NYW,Monywa,MM,Myanmar,Asia/Rangoon
MGZ,Myeik,MM,Myanmar,Asia/Rangoon
MYT,Myitkyina,MM,Myanmar,Asia/Rangoon
NMS,Namsang,MM,Myanmar,Asia/Rangoon
NMT,Naypyidaw,MM,Myanmar,Asia/Rangoon
NYT,Naypyidaw,MM,Myanmar,Asia/Rangoon
PKK,Pakhokku,MM,Myanmar,Asia/Rangoon
BSX,Pathein,MM,Myanmar,Asia/Rangoon
PBU,Putao,MM,Myanmar,Asia/Rangoon
PRU,Pyay,MM,Myanmar,Asia/Rangoon
AKY,Sittwe,MM,Myanmar,Asia/Rangoon
THL,Tachilek,MM,Myanmar,Asia/Rangoon
SNW,Thandwe,MM,Myanmar,Asia/Rangoon
RGN,Yangon,MM,Myanmar,Asia/Rangoon
XYE,Ye,MM,Myanmar,Asia/Rangoon
GFY,Grootfontein,NA,Namibia,Africa/Windhoek
KMP,Keetmanshoop,NA,Namibia,Africa/Windhoek
LUD,Luderitz,NA,Namibia,Africa/Windhoek
OKU,Mokuti Lodge,NA,Namibia,Africa/Windhoek
MPA,Mpacha,NA,Namibia,Africa/Windhoek
OKF,Okaukuejo,NA,Namibia,Africa/Windhoek
OND,Ondangwa,NA,Namibia,Africa/Windhoek
OMD,Oranjemund,NA,Namibia,Africa/Windhoek
NDU,Rundu,NA,Namibia,Africa/Windhoek
SWP,Swakopmund,NA,Namibia,Africa/Windhoek
TSB,Tsumeb,NA,Namibia,Africa/Windhoek
WVB,Walvis Bay,NA,Namibia,Africa/Windhoek
ERS,Windhoek,NA,Namibia,Africa/Windhoek
WDH,Windhoek,NA,Namibia,Africa/Windhoek
INU,Nauru,NR,Nauru,Pacific/Nauru
BJH,Bajhang,NP,Nepal,Asia/Katmandu
BJU,Bajura,NP,Nepal,Asia/Katmandu
BWA,Bhairawa,NP,Nepal,Asia/Katmandu
BHR,Bharatpur,NP,Nepal,Asia/Katmandu
BHP,Bhojpur,NP,Nepal,Asia/Katmandu
BIR,Biratnagar,NP,Nepal,Asia/Katmandu
BDP,Chandragarhi,NP,Nepal,Asia/Katmandu
DNP,Dang,NP,Nepal,Asia/Katmandu
DHI,Dhangarhi,NP,Nepal,Asia/Katmandu
DOP,Dolpa,NP,Nepal,Asia/Katmandu
JKR,Janakpur,NP,Nepal,Asia/Katmandu
JMO,Jomsom,NP,Nepal,Asia/Katmandu
JUM,Jumla,NP,Nepal,Asia/Katmandu
KTM,Kathmandu,NP,Nepal,Asia/Katmandu
LDN,Lamidanda,NP,Nepal,Asia/Katmandu
LUA,Lukla,NP,Nepal,Asia/Katmandu
NGX,Manang,NP,Nepal,Asia/Katmandu
MEY,Meghauli,NP,Nepal,Asia/Katmandu
KEP,Nepalgunj,NP,Nepal,Asia/Katmandu
PPL,Phaplu,NP,Nepal,Asia/Katmandu
PKR,Pokhara,NP,Nepal,Asia/Katmandu
RHP,Ramechhap,NP,Nepal,Asia/Katmandu
RUK,Rukumkot,NP,Nepal,Asia/Katmandu
RUM,Rumjatar,NP,Nepal,Asia/Katmandu
SIF,Simara,NP,Nepal,Asia/Katmandu
IMK,Simikot,NP,Nepal,Asia/Katmandu
SKH,Surkhet,NP,Nepal,Asia/Katmandu
SYH,Syangboche,NP,Nepal,Asia/Katmandu
TPJ,Taplejung,NP,Nepal,Asia/Katmandu
TMI,Tumling Tar,NP,Nepal,Asia/Katmandu
AMS,Amsterdam,NL,Netherlands,Europe/Amsterdam
DHR,De Kooy,NL,Netherlands,Europe/Amsterdam
EIN,Eindhoven,NL,Netherlands,Europe/Amsterdam
ENS,Enschede,NL,Netherlands,Europe/Amsterdam
GLZ,Gilze-rijen,NL,Netherlands,Europe/Amsterdam
GRQ,Groningen,NL,Netherlands,Europe/Amsterdam
LWR,Leeuwarden,NL,Netherlands,Europe/Amsterdam
LEY,Lelystad,NL,Netherlands,Europe/Amsterdam
MST,Maastricht,NL,Netherlands,Europe/Amsterdam
RTM,Rotterdam,NL,Netherlands,Europe/Amsterdam
UTC,Soesterberg,NL,Netherlands,Europe/Amsterdam
LID,Valkenburg,NL,Netherlands,Europe/Amsterdam
WOE,Woensdrecht,NL,Netherlands,Europe/Amsterdam
KNQ,Kone,NC,New Caledonia,Pacific/Noumea
KOC,Koumac,NC,New Caledonia,Pacific/Noumea
LIF,Lifou,NC,New Caledonia,Pacific/Noumea
MEE,Mare,NC,New Caledonia,Pacific/Noumea
GEA,Noumea,NC,New Caledonia,Pacific/Noumea
NOU,Noumea,NC,New Caledonia,Pacific/Noumea
UVE,Ouvea,NC,New Caledonia,Pacific/Noumea
TGJ,Tiga,NC,New Caledonia,Pacific/Noumea
TOU,Touho,NC,New Caledonia,Pacific/Noumea
BMY,Waala,NC,New Caledonia,Pacific/Noumea
ILP,Île des Pins,NC,New Caledonia,Pacific/Noumea
ALR,Alexandra,NZ,New Zealand,Pacific/Auckland
AMZ,Ardmore,NZ,New Zealand,Pacific/Auckland
AKL,Auckland,NZ,New Zealand,Pacific/Auckland
CHT,Chatham Island,NZ,New Zealand,Pacific/Chatham
CHC,Christchurch,NZ,New Zealand,Pacific/Auckland
GBZ,Claris,NZ,New Zealand,Pacific/Auckland
DUD,Dunedin,NZ,New Zealand,Pacific/Auckland
GIS,Gisborne,NZ,New Zealand,Pacific/Auckland
GTN,Glentanner,NZ,New Zealand,Pacific/Auckland
HLZ,Hamilton,NZ,New Zealand,Pacific/Auckland
HKK,Hokitika,NZ,New Zealand,Pacific/Auckland
IVC,Invercargill,NZ,New Zealand,Pacific/Auckland
KBZ,Kaikoura,NZ,New Zealand,Pacific/Auckland
KAT,Kaitaia,NZ,New Zealand,Pacific/Auckland
KKE,Kerikeri,NZ,New Zealand,Pacific/Auckland
TEU,Manapouri,NZ,New Zealand,Pacific/Auckland
MRO,Masterton,NZ,New Zealand,Pacific/Auckland
MFN,Milford Sound,NZ,New Zealand,Pacific/Auckland
MZP,Motueka,NZ,New Zealand,Pacific/Auckland
MON,Mount Cook,NZ,New Zealand,Pacific/Auckland
NPE,NAPIER,NZ,New Zealand,Pacific/Auckland
NSN,Nelson,NZ,New Zealand,Pacific/Auckland
NPL,New Plymouth,NZ,New Zealand,Pacific/Auckland
OAM,Oamaru,NZ,New Zealand,Pacific/Auckland
OHA,Ohakea,NZ,New Zealand,Pacific/Auckland
PMR,Palmerston North,NZ,New Zealand,Pacific/Auckland
PPQ,Paraparaumu,NZ,New Zealand,Pacific/Auckland
PCN,Picton,NZ,New Zealand,Pacific/Auckland
TWZ,Pukaki,NZ,New Zealand,Pacific/Auckland
ZQN,Queenstown International,NZ,New Zealand,Pacific/Auckland
ROT,Rotorua,NZ,New Zealand,Pacific/Auckland
SZS,Stewart Island,NZ,New Zealand,Pacific/Auckland
KTF,Takaka,NZ,New Zealand,Pacific/Auckland
TUO,Taupo,NZ,New Zealand,Pacific/Auckland
TRG,Tauranga,NZ,New Zealand,Pacific/Auckland
TIU,Timaru,NZ,New Zealand,Pacific/Auckland
WIR,Wairoa,NZ,New Zealand,Pacific/Auckland
WKA,Wanaka,NZ,New Zealand,Pacific/Auckland
WAG,Wanganui,NZ,New Zealand,Pacific/Auckland
WLG,Wellington,NZ,New Zealand,Pacific/Auckland
WSZ,Westport,NZ,New Zealand,Pacific/Auckland
WHK,Whakatane,NZ,New Zealand,Pacific/Auckland
WRE,Whangarei,NZ,New Zealand,Pacific/Auckland
WTZ,Whitianga,NZ,New Zealand,Pacific/Auckland
BHE,Woodbourne,NZ,New Zealand,Pacific/Auckland
BEF,Bluefields,NI,Nicaragua,America/Managua
BZA,Bonanza,NI,Nicaragua,America/Managua
RNI,Corn Island,NI,Nicaragua,America/Managua
MGA,Managua,NI,Nicaragua,America/Managua
PUZ,Puerto Cabezas,NI,Nicaragua,America/Managua
RFS,Rosita,NI,Nicaragua,America/Managua
NCR,San Carlos,NI,Nicaragua,America/Managua
SIU,Siuna,NI,Nicaragua,America/Managua
WSP,Waspam,NI,Nicaragua,America/Managua
AJY,Agadez,NE,Niger,Africa/Niamey
MFQ,Maradi,NE,Niger,Africa/Niamey
NIM,Niamey,NE,Niger,Africa/Niamey
THZ,Tahoua,NE,Niger,Africa/Niamey
ZND,Zinder,NE,Niger,Africa/Niamey
ABV,Abuja,NG,Nigeria,Africa/Lagos
AKR,Akure,NG,Nigeria,Africa/Lagos
ABB,Asaba,NG,Nigeria,Africa/Lagos
BNI,Benin,NG,Nigeria,Africa/Lagos
CBQ,Calabar,NG,Nigeria,Africa/Lagos
ENU,Enugu,NG,Nigeria,Africa/Lagos
IBA,Ibadan,NG,Nigeria,Africa/Lagos
ILR,Ilorin,NG,Nigeria,Africa/Lagos
QOW,Imo,NG,Nigeria,Africa/Lagos
JOS,Jos,NG,Nigeria,Africa/Lagos
KAD,Kaduna,NG,Nigeria,Africa/Lagos
KAN,Kano,NG,Nigeria,Africa/Lagos
LOS,Lagos,NG,Nigeria,Africa/Lagos
MIU,Maiduguri,NG,Nigeria,Africa/Lagos
MDI,Makurdi,NG,Nigeria,Africa/Lagos
MXJ,Minna,NG,Nigeria,Africa/Lagos
QRW,Osubi,NG,Nigeria,Africa/Lagos
PHC,Port Hartcourt,NG,Nigeria,Africa/Lagos
SKO,Sokoto,NG,Nigeria,Africa/Lagos
QUO,Uyo,NG,Nigeria,Africa/Lagos
YOL,Yola,NG,Nigeria,Africa/Lagos
ZAR,Zaria,NG,Nigeria,Africa/Lagos
IUE,Alofi,NU,Niue,Pacific/Niue
NLK,Norfolk Island,NF,Norfolk Island,Pacific/Norfolk
RGO,Chongjin,KP,North Korea,Asia/Pyongyang
DSO,Hamhung,KP,North Korea,Asia/Pyongyang
FNJ,Pyongyang,KP,North Korea,Asia/Pyongyang
OHD,Ohrid,MK,North Macedonia,Europe/Skopje
SKP,Skopje,MK,North Macedonia,Europe/Skopje
ROP,Rota,MP,Northern Mariana Islands,Pacific/Saipan
SPN,Saipan,MP,Northern Mariana Islands,Pacific/Saipan
TIQ,West Tinian,MP,Northern Mariana Islands,Pacific/Saipan
AES,Alesund,NO,Norway,Europe/Oslo
ALF,Alta,NO,Norway,Europe/Oslo
ANX,Andoya,NO,Norway,Europe/Oslo
BDU,Bardufoss,NO,Norway,Europe/Oslo
BJF,Batsfjord,NO,Norway,Europe/Oslo
BGO,Bergen,NO,Norway,Europe/Oslo
BVG,Berlevag,NO,Norway,Europe/Oslo
BOO,Bodo,NO,Norway,Europe/Oslo
BNN,Bronnoysund,NO,Norway,Europe/Oslo
VDB,Fagernes,NO,Norway,Europe/Oslo
FAN,Farsund,NO,Norway,Europe/Oslo
FRO,Floro,NO,Norway,Europe/Oslo
DLD,Geilo,NO,Norway,Europe/Oslo
HMR,Hamar,NO,Norway,Europe/Oslo
HFT,Hammerfest,NO,Norway,Europe/Oslo
EVE,Harstad/Narvik,NO,Norway,Europe/Oslo
HAA,Hasvik,NO,Norway,Europe/Oslo
HAU,Haugesund,NO,Norway,Europe/Oslo
HVG,Honningsvag,NO,Norway,Europe/Oslo
KKN,Kirkenes,NO,Norway,Europe/Oslo
KRS,Kristiansand,NO,Norway,Europe/Oslo
KSU,Kristiansund,NO,Norway,Europe/Oslo
LKL,Lakselv,NO,Norway,Europe/Oslo
LKN,Leknes,NO,Norway,Europe/Oslo
MEH,Mehamn,NO,Norway,Europe/Oslo
MQN,Mo i Rana,NO,Norway,Europe/Oslo
MOL,Molde,NO,Norway,Europe/Oslo
MJF,Mosjoen,NO,Norway,Europe/Oslo
OSY,Namsos,NO,Norway,Europe/Oslo
NVK,Narvik,NO,Norway,Europe/Oslo
NTB,Notodden,NO,Norway,Europe/Oslo
OLA,Orland,NO,Norway,Europe/Oslo
HOV,Orsta-Volda,NO,Norway,Europe/Oslo
FBU,Oslo,NO,Norway,Europe/Oslo
OSL,Oslo,NO,Norway,Europe/Oslo
RRS,Roros,NO,Norway,Europe/Oslo
RYG,Rygge,NO,Norway,Europe/Oslo
RVK,Rørvik,NO,Norway,Europe/Oslo
RET,Røst,NO,Norway,Europe/Oslo
SDN,Sandane,NO,Norway,Europe/Oslo
TRF,Sandefjord,NO,Norway,Europe/Oslo
SSJ,Sandnessjoen,NO,Norway,Europe/Oslo
SKE,Skien,NO,Norway,Europe/Oslo
SOG,Sogndal,NO,Norway,Europe/Oslo
SOJ,Sorkjosen,NO,Norway,Europe/Oslo
SVG,Stavanger,NO,Norway,Europe/Oslo
SKN,Stokmarknes,NO,Norway,Europe/Oslo
SRP,Stord,NO,Norway,Europe/Oslo
LYR,Svalbard,NO,Norway,Arctic/Longyearbyen
SVJ,Svolvær,NO,Norway,Europe/Oslo
TOS,Tromso,NO,Norway,Europe/Oslo
TRD,Trondheim,NO,Norway,Europe/Oslo
VDS,Vadsø,NO,Norway,Europe/Oslo
VAW,Vardø,NO,Norway,Europe/Oslo
VRY,Værøy,NO,Norway,Europe/Oslo
KHS,Khasab,OM,Oman,Asia/Muscat
MSH,Masirah,OM,Oman,Asia/Muscat
MCT,Muscat,OM,Oman,Asia/Muscat
SLL,Salalah,OM,Oman,Asia/Muscat
TTH,Thumrait,OM,Oman,Asia/Muscat
BHV,Bahawalpur,PK,Pakistan,Asia/Karachi
BNP,Bannu,PK,Pakistan,Asia/Karachi
BHW,Bhagtanwala,PK,Pakistan,Asia/Karachi
CJL,Chitral,PK,Pakistan,Asia/Karachi
DBA,Dalbandin,PK,Pakistan,Asia/Karachi
DEA,Dera Ghazi Khan,PK,Pakistan,Asia/Karachi
DSK,Dera Ismael Khan,PK,Pakistan,Asia/Karachi
LYP,Faisalabad,PK,Pakistan,Asia/Karachi
GIL,Gilgit,PK,Pakistan,Asia/Karachi
GWD,Gwadar,PK,Pakistan,Asia/Karachi
HDD,Hyderabad,PK,Pakistan,Asia/Karachi
JAG,Jacobsbad,PK,Pakistan,Asia/Karachi
JIW,Jiwani,PK,Pakistan,Asia/Karachi
KHI,Karachi,PK,Pakistan,Asia/Karachi
KDD,Khuzdar,PK,Pakistan,Asia/Karachi
LHE,Lahore,PK,Pakistan,Asia/Karachi
XJM,Mangla,PK,Pakistan,Asia/Karachi
MWD,Mianwali,PK,Pakistan,Asia/Karachi
MJD,Moenjodaro,PK,Pakistan,Asia/Karachi
MUX,Multan,PK,Pakistan,Asia/Karachi
MFG,Muzaffarabad,PK,Pakistan,Asia/Karachi
WNS,Nawabshah,PK,Pakistan,Asia/Karachi
ORW,Ormara Raik,PK,Pakistan,Asia/Karachi
PJG,Panjgur,PK,Pakistan,Asia/Karachi
PAJ,Parachinar,PK,Pakistan,Asia/Karachi
PSI,Pasni,PK,Pakistan,Asia/Karachi
PEW,Peshawar,PK,Pakistan,Asia/Karachi
UET,Quetta,PK,Pakistan,Asia/Karachi
RYK,Rahim Yar Khan,PK,Pakistan,Asia/Karachi
RAZ,Rawala Kot,PK,Pakistan,Asia/Karachi
SDT,Saidu Sharif,PK,Pakistan,Asia/Karachi
SYW,Sehwan Sharif,PK,Pakistan,Asia/Karachi
SKT,Sialkot,PK,Pakistan,Asia/Karachi
KDU,Skardu,PK,Pakistan,Asia/Karachi
SUL,Sui,PK,Pakistan,Asia/Karachi
SKZ,Sukkur,PK,Pakistan,Asia/Karachi
BDN,Talhar,PK,Pakistan,Asia/Karachi
TUK,Turbat,PK,Pakistan,Asia/Karachi
WAF,Wana,PK,Pakistan,Asia/Karachi
PZH,Zhob,PK,Pakistan,Asia/Karachi
ROR,Babelthuap,PW,Palau,Pacific/Palau
GZA,Gaza,PS,Palestine,Asia/Gaza
BOC,Bocas Del Toro,PA,Panama,America/Panama
CHX,Changuinola,PA,Panama,America/Panama
CTD,Chitré,PA,Panama,America/Panama
ONX,Colón,PA,Panama,America/Panama
DAV,David,PA,Panama,America/Panama
BLB,Howard,PA,Panama,America/Panama
JQE,Jaqué,PA,Panama,America/Panama
PLP,La Palma,PA,Panama,America/Panama
PAC,Panama,PA,Panama,America/Panama
PTY,Panama City,PA,Panama,America/Panama
PUE,Puerto Obaldia,PA,Panama,America/Panama
SYP,Santiago,PA,Panama,America/Panama
VMU,Baimuru,PG,Papua New Guinea,Pacific/Port_Moresby
OPU,Balimo,PG,Papua New Guinea,Pacific/Port_Moresby
BUA,Buka Island,PG,Papua New Guinea,Pacific/Port_Moresby
DAU,Daru,PG,Papua New Guinea,Pacific/Port_Moresby
PNP,Girua,PG,Papua New Guinea,Pacific/Port_Moresby
GKA,Goroka,PG,Papua New Guinea,Pacific/Port_Moresby
GUR,Gurney,PG,Papua New Guinea,Pacific/Port_Moresby
HKN,Hoskins,PG,Papua New Guinea,Pacific/Port_Moresby
KVG,Kavieng,PG,Papua New Guinea,Pacific/Port_Moresby
KMA,Kerema,PG,Papua New Guinea,Pacific/Port_Moresby
KRI,Kikori,PG,Papua New Guinea,Pacific/Port_Moresby
UNG,Kiunga,PG,Papua New Guinea,Pacific/Port_Moresby
CMU,Kundiawa,PG,Papua New Guinea,Pacific/Port_Moresby
MAG,Madang,PG,Papua New Guinea,Pacific/Port_Moresby
MDU,Mendi,PG,Papua New Guinea,Pacific/Port_Moresby
MIS,Misima Island,PG,Papua New Guinea,Pacific/Port_Moresby
MAS,Momote,PG,Papua New Guinea,Pacific/Port_Moresby
MXH,Moro,PG,Papua New Guinea,Pacific/Port_Moresby
HGU,Mount Hagen,PG,Papua New Guinea,Pacific/Port_Moresby
LAE,Nadzab,PG,Papua New Guinea,Pacific/Port_Moresby
POM,Port Moresby,PG,Papua New Guinea,Pacific/Port_Moresby
TBG,Tabubil,PG,Papua New Guinea,Pacific/Port_Moresby
TIZ,Tari,PG,Papua New Guinea,Pacific/Port_Moresby
RAB,Tokua,PG,Papua New Guinea,Pacific/Port_Moresby
VAI,Vanimo,PG,Papua New Guinea,Pacific/Port_Moresby
WBM,Wapenamanda,PG,Papua New Guinea,Pacific/Port_Moresby
WWK,Wewak,PG,Papua New Guinea,Pacific/Port_Moresby
ASU,Asuncion,PY,Paraguay,America/Asuncion
AYO,Ayolas,PY,Paraguay,America/Asuncion
AGT,Ciudad del Este,PY,Paraguay,America/Asuncion
CIO,Conception,PY,Paraguay,America/Asuncion
ESG,Mariscal Estigarribia,PY,Paraguay,America/Asuncion
PJC,Pedro Juan Caballero,PY,Paraguay,America/Asuncion
PIL,Pilar,PY,Paraguay,America/Asuncion
ANS,Andahuaylas,PE,Peru,America/Lima
AOP,Andoas,PE,Peru,America/Lima
ATA,Anta,PE,Peru,America/Lima
AQP,Arequipa,PE,Peru,America/Lima
AYP,Ayacucho,PE,Peru,America/Lima
CJA,Cajamarca,PE,Peru,America/Lima
CHH,Chachapoyas,PE,Peru,America/Lima
CIX,Chiclayo,PE,Peru,America/Lima
CHM,Chimbote,PE,Peru,America/Lima
CUZ,Cuzco,PE,Peru,America/Lima
HUU,Huánuco,PE,Peru,America/Lima
IBP,Iberia,PE,Peru,America/Lima
ILQ,Ilo,PE,Peru,America/Lima
IQT,Iquitos,PE,Peru,America/Lima
JAU,Jauja,PE,Peru,America/Lima
JJI,Juanjui,PE,Peru,America/Lima
JUL,Juliaca,PE,Peru,America/Lima
LIM,Lima,PE,Peru,America/Lima
NZC,Nazca,PE,Peru,America/Lima
PIO,Pisco,PE,Peru,America/Lima
PIU,Piura,PE,Peru,America/Lima
PCL,Pucallpa,PE,Peru,America/Lima
PEM,Puerto Maldonado,PE,Peru,America/Lima
TCQ,Tacna,PE,Peru,America/Lima
TYL,Talara,PE,Peru,America/Lima
TPP,Tarapoto,PE,Peru,America/Lima
TGI,Tingo Maria,PE,Peru,America/Lima
TRU,Trujillo,PE,Peru,America/Lima
TBP,Tumbes,PE,Peru,America/Lima
YMS,Yurimaguas,PE,Peru,America/Lima
CRK,Angeles City,PH,Philippines,Asia/Manila
BCD,Bacolod,PH,Philippines,Asia/Manila
BAG,Baguio,PH,Philippines,Asia/Manila
BQA,Baler,PH,Philippines,Asia/Manila
USU,Busuanga,PH,Philippines,Asia/Manila
BXU,Butuan,PH,Philippines,Asia/Manila
CYP,Calbayog City,PH,Philippines,Asia/Manila
CGM,Camiguin,PH,Philippines,Asia/Manila
CRM,Catarman,PH,Philippines,Asia/Manila
MPH,Caticlan,PH,Philippines,Asia/Manila
CYZ,Cauayan,PH,Philippines,Asia/Manila
CEB,Cebu,PH,Philippines,Asia/Manila
CBO,Cotabato,PH,Philippines,Asia/Manila
CYU,Cuyo,PH,Philippines,Asia/Manila
DTE,Daet,PH,Philippines,Asia/Manila
DVO,Davao,PH,Philippines,Asia/Manila
DPL,Dipolog,PH,Philippines,Asia/Manila
DGT,Dumaguete,PH,Philippines,Asia/Manila
MRQ,Gasan,PH,Philippines,Asia/Manila
ILO,Iloilo,PH,Philippines,Asia/Manila
JOL,Jolo,PH,Philippines,Asia/Manila
KLO,Kalibo,PH,Philippines,Asia/Manila
LAO,Laoag,PH,Philippines,Asia/Manila
LGP,Legazpi,PH,Philippines,Asia/Manila
LBX,Lubang,PH,Philippines,Asia/Manila
MBO,Mamburao,PH,Philippines,Asia/Manila
MNL,Manila,PH,Philippines,Asia/Manila
MBT,Masbate,PH,Philippines,Asia/Manila
WNP,Naga,PH,Philippines,Asia/Manila
SFS,Olongapo City,PH,Philippines,Asia/Manila
OMC,Ormoc City,PH,Philippines,Asia/Manila
OZC,Ozamis,PH,Philippines,Asia/Manila
PAG,Pagadian,PH,Philippines,Asia/Manila
PPS,Puerto Princesa,PH,Philippines,Asia/Manila
GES,Romblon,PH,Philippines,Asia/Manila
TBH,Romblon,PH,Philippines,Asia/Manila
RXS,Roxas City,PH,Philippines,Asia/Manila
SFE,San Fernando,PH,Philippines,Asia/Manila
EUQ,San Jose,PH,Philippines,Asia/Manila
SJI,San Jose,PH,Philippines,Asia/Manila
TWT,Sanga Sanga,PH,Philippines,Asia/Manila
SUG,Sangley Point,PH,Philippines,Asia/Manila
IAO,Siargao,PH,Philippines,Asia/Manila
TAC,Tacloban,PH,Philippines,Asia/Manila
TAG,Tagbilaran,PH,Philippines,Asia/Manila
TDG,Tandag,PH,Philippines,Asia/Manila
RZP,Taytay,PH,Philippines,Asia/Manila
TUG,Tuguegarao,PH,Philippines,Asia/Manila
VRC,Virac,PH,Philippines,Asia/Manila
ZAM,Zamboanga,PH,Philippines,Asia/Manila
BZG,Bydgoszcz,PL,Poland,Europe/Warsaw
GDN,Gdansk,PL,Poland,Europe/Warsaw
QYD,Gdynia,PL,Poland,Europe/Warsaw
KTW,Katowice,PL,Poland,Europe/Warsaw
KRK,Krakow,PL,Poland,Europe/Warsaw
LCJ,Lodz,PL,Poland,Europe/Warsaw
LUZ,Lublin,PL,Poland,Europe/Warsaw
POZ,Poznan,PL,Poland,Europe/Warsaw
RDO,RADOM,PL,Poland,Europe/Warsaw
RZE,Rzeszow,PL,Poland,Europe/Warsaw
OSP,Slupsk,PL,Poland,Europe/Warsaw
SZZ,Szczecin,PL,Poland,Europe/Warsaw
WAW,Warsaw,PL,Poland,Europe/Warsaw
WMI,Warsaw,PL,Poland,Europe/Warsaw
WRO,Wroclaw,PL,Poland,Europe/Warsaw
IEG,Zielona Gora,PL,Poland,Europe/Warsaw
AVR,Alverca,PT,Portugal,Europe/Lisbon
BYJ,Beja (madeira),PT,Portugal,Europe/Lisbon
BGZ,Braga,PT,Portugal,Europe/Lisbon
BGC,Braganca,PT,Portugal,Europe/Lisbon
CAT,Cascais,PT,Portugal,Europe/Lisbon
CVU,Corvo,PT,Portugal,Atlantic/Azores
FAO,Faro,PT,Portugal,Europe/Lisbon
FLW,Flores,PT,Portugal,Atlantic/Azores
FNC,Funchal,PT,Portugal,Europe/Lisbon
GRW,Graciosa Island,PT,Portugal,Atlantic/Azores
HOR,Horta,PT,Portugal,Atlantic/Azores
TER,Lajes (terceira Island),PT,Portugal,Atlantic/Azores
LIS,Lisbon,PT,Portugal,Europe/Lisbon
QLR,Monte Real,PT,Portugal,Europe/Lisbon
PIX,Pico,PT,Portugal,Atlantic/Azores
PDL,Ponta Delgada,PT,Portugal,Atlantic/Azores
PRM,Portimao,PT,Portugal,Europe/Lisbon
OPO,Porto,PT,Portugal,Europe/Lisbon
PXO,Porto Santo,PT,Portugal,Europe/Lisbon
SMA,Santa Maria (island),PT,Portugal,Atlantic/Azores
SJZ,Sao Jorge Island,PT,Portugal,Atlantic/Azores
VRL,Vila Real,PT,Portugal,Europe/Lisbon
VSE,Viseu,PT,Portugal,Europe/Lisbon
BQN,Aguadilla,PR,Puerto Rico,America/Puerto_Rico
ARE,Arecibo,PR,Puerto Rico,America/Puerto_Rico
NRR,Ceiba,PR,Puerto Rico,America/Puerto_Rico
CPX,Culebra Island,PR,Puerto Rico,America/Puerto_Rico
FAJ,Fajardo,PR,Puerto Rico,America/Puerto_Rico
MAZ,Mayaguez,PR,Puerto Rico,America/Puerto_Rico
PSE,Ponce,PR,Puerto Rico,America/Puerto_Rico
SIG,San Juan,PR,Puerto Rico,America/Puerto_Rico
SJU,San Juan,PR,Puerto Rico,America/Puerto_Rico
VQS,Vieques Island,PR,Puerto Rico,America/Puerto_Rico
DIA,Doha,QA,Qatar,Asia/Qatar
XJD,Doha,QA,Qatar,Asia/Qatar
BZV,Brazzaville,CG,Republic of the Congo,Africa/Brazzaville
DIS,Loubomo,CG,Republic of the Congo,Africa/Brazzaville
PNR,Pointe-noire,CG,Republic of the Congo,Africa/Brazzaville
RUN,St.-denis,RE,Reunion,Indian/Reunion
ZSE,St.-pierre,RE,Reunion,Indian/Reunion
ARW,Arad,RO,Romania,Europe/Bucharest
BCM,Bacau,RO,Romania,Europe/Bucharest
BAY,Baia Mare,RO,Romania,Europe/Bucharest
BBU,Bucharest,RO,Romania,Europe/Bucharest
OTP,Bucharest,RO,Romania,Europe/Bucharest
CSB,Caransebes,RO,Romania,Europe/Bucharest
CLJ,Cluj-napoca,RO,Romania,Europe/Bucharest
CND,Constanta,RO,Romania,Europe/Bucharest
CRA,Craiova,RO,Romania,Europe/Bucharest
IAS,Iasi,RO,Romania,Europe/Bucharest
OMR,Oradea,RO,Romania,Europe/Bucharest
SUJ,Satu Mare,RO,Romania,Europe/Bucharest
SBZ,Sibiu,RO,Romania,Europe/Bucharest
SCV,Suceava,RO,Romania,Europe/Bucharest
TSR,Timisoara,RO,Romania,Europe/Bucharest
TGM,Tirgu Mures,RO,Romania,Europe/Bucharest
TCE,Tulcea,RO,Romania,Europe/Bucharest
ABA,Abakan,RU,Russia,Asia/Krasnoyarsk
ADH,Aldan,RU,Russia,Asia/Yakutsk
AMV,Amderma,RU,Russia,Europe/Moscow
DYR,Anadyr,RU,Russia,Asia/Anadyr
AAQ,Anapa,RU,Russia,Europe/Moscow
KVK,Apatity,RU,Russia,Europe/Moscow
ARH,Arkhangelsk,RU,Russia,Europe/Moscow
LDG,Arkhangelsk,RU,Russia,Europe/Moscow
ASF,Astrakhan,RU,Russia,Europe/Samara
BWO,Balakovo,RU,Russia,Europe/Moscow
BAX,Barnaul,RU,Russia,Asia/Krasnoyarsk
BQJ,Batagay,RU,Russia,Asia/Vladivostok
EGO,Belgorod,RU,Russia,Europe/Moscow
EYK,Beloyarsky,RU,Russia,Asia/Yekaterinburg
EZV,Berezovo,RU,Russia,Asia/Yekaterinburg
OGZ,Beslan,RU,Russia,Europe/Moscow
BQS,Blagoveschensk,RU,Russia,Asia/Yakutsk
ODO,Bodaibo,RU,Russia,Asia/Irkutsk
TGP,Bor,RU,Russia,Asia/Krasnoyarsk
BTK,Bratsk,RU,Russia,Asia/Irkutsk
BZK,Bryansk,RU,Russia,Europe/Moscow
UUA,Bugulma,RU,Russia,Europe/Moscow
CSY,Cheboksary,RU,Russia,Europe/Moscow
CEK,Chelyabinsk,RU,Russia,Asia/Yekaterinburg
CEE,Cherepovets,RU,Russia,Europe/Moscow
CYX,Cherskiy,RU,Russia,Asia/Srednekolymsk
HTA,Chita,RU,Russia,Asia/Yakutsk
CKH,Chokurdah,RU,Russia,Asia/Srednekolymsk
DKS,Dikson,RU,Russia,Asia/Krasnoyarsk
ESL,Elista,RU,Russia,Europe/Moscow
GDZ,Gelendzhik,RU,Russia,Europe/Moscow
RGK,Gorno-Altaysk,RU,Russia,Asia/Krasnoyarsk
MQJ,Honuu,RU,Russia,Asia/Srednekolymsk
IAA,Igarka,RU,Russia,Asia/Krasnoyarsk
IKT,Irkutsk,RU,Russia,Asia/Irkutsk
IWA,Ivanovo,RU,Russia,Europe/Moscow
IJK,Izhevsk,RU,Russia,Europe/Samara
KGD,Kaliningrad,RU,Russia,Europe/Kaliningrad
KLF,Kaluga,RU,Russia,Europe/Moscow
KVR,Kavalerovo,RU,Russia,Asia/Vladivostok
KZN,Kazan,RU,Russia,Europe/Moscow
KEJ,Kemorovo,RU,Russia,Asia/Krasnoyarsk
KHV,Khabarovsk,RU,Russia,Asia/Vladivostok
KDY,Khandyga,RU,Russia,Asia/Yakutsk
HMA,Khanty-Mansiysk,RU,Russia,Asia/Yekaterinburg
HTG,Khatanga,RU,Russia,Asia/Krasnoyarsk
KCK,Kirensk,RU,Russia,Asia/Irkutsk
KVX,Kirov,RU,Russia,Europe/Moscow
KGP,Kogalym,RU,Russia,Asia/Yekaterinburg
KXK,Komsomolsk-on-Amur,RU,Russia,Asia/Vladivostok
KMW,Kostroma,RU,Russia,Europe/Moscow
KSZ,Kotlas,RU,Russia,Europe/Moscow
KRR,Krasnodar,RU,Russia,Europe/Moscow
KJA,Krasnoyarsk,RU,Russia,Asia/Krasnoyarsk
KRO,Kurgan,RU,Russia,Asia/Yekaterinburg
URS,Kursk,RU,Russia,Europe/Moscow
KYZ,Kyzyl,RU,Russia,Asia/Krasnoyarsk
ULK,Lensk,RU,Russia,Asia/Yakutsk
LPK,Lipetsk,RU,Russia,Europe/Moscow
GDX,Magadan,RU,Russia,Asia/Srednekolymsk
MQF,Magnetiogorsk,RU,Russia,Asia/Yekaterinburg
MCX,Makhachkala,RU,Russia,Europe/Moscow
KVM,Markovo,RU,Russia,Asia/Anadyr
MRV,Mineralnye Vody,RU,Russia,Europe/Moscow
MJZ,Mirnyj,RU,Russia,Asia/Yakutsk
BKA,Moscow,RU,Russia,Europe/Moscow
DME,Moscow,RU,Russia,Europe/Moscow
OSF,Moscow,RU,Russia,Europe/Moscow
SVO,Moscow,RU,Russia,Europe/Moscow
VKO,Moscow,RU,Russia,Europe/Moscow
MMK,Murmansk,RU,Russia,Europe/Moscow
NYM,Nadym,RU,Russia,Asia/Yekaterinburg
NAL,Nalchik,RU,Russia,Europe/Moscow
NNM,Naryan-Mar,RU,Russia,Europe/Moscow
NFG,Nefteyugansk,RU,Russia,Asia/Yekaterinburg
NER,Neryungri,RU,Russia,Asia/Yakutsk
NBC,Nizhnekamsk,RU,Russia,Europe/Moscow
NJC,Nizhnevartovsk,RU,Russia,Asia/Yekaterinburg
GOJ,Nizhniy Novgorod,RU,Russia,Europe/Moscow
NSK,Norilsk,RU,Russia,Asia/Krasnoyarsk
NOZ,Novokuznetsk,RU,Russia,Asia/Krasnoyarsk
OVB,Novosibirsk,RU,Russia,Asia/Krasnoyarsk
NUX,Novy Urengoy,RU,Russia,Asia/Yekaterinburg
NOJ,Noyabrsk,RU,Russia,Asia/Yekaterinburg
NYA,Nyagan,RU,Russia,Asia/Yekaterinburg
OHO,Okhotsk,RU,Russia,Asia/Vladivostok
OLZ,Olekminsk,RU,Russia,Asia/Yakutsk
ONK,Olenyok,RU,Russia,Asia/Yakutsk
OMS,Omsk,RU,Russia,Asia/Omsk
REN,Orenburg,RU,Russia,Asia/Yekaterinburg
OSW,Orsk,RU,Russia,Asia/Yekaterinburg
PEX,Pechora,RU,Russia,Europe/Moscow
PEZ,Penza,RU,Russia,Europe/Moscow
PEE,Perm,RU,Russia,Asia/Yekaterinburg
PKC,Petropavlovsk,RU,Russia,Asia/Anadyr
PES,Petrozavodsk,RU,Russia,Europe/Moscow
PVS,Provideniya Bay,RU,Russia,Asia/Anadyr
PKV,Pskov,RU,Russia,Europe/Moscow
RAT,Raduzhnyi,RU,Russia,Asia/Yekaterinburg
ZIA,Ramenskoe,RU,Russia,Europe/Moscow
ROV,Rostov,RU,Russia,Europe/Moscow
RYB,Rybinsk,RU,Russia,Europe/Moscow
SLY,Salekhard,RU,Russia,Asia/Yekaterinburg
KUF,Samara,RU,Russia,Europe/Samara
SKX,Saransk,RU,Russia,Europe/Moscow
RTW,Saratov,RU,Russia,Europe/Moscow
SYS,Saskylakh,RU,Russia,Asia/Yakutsk
CKL,Shchyolkovo,RU,Russia,Europe/Moscow
AER,Sochi,RU,Russia,Europe/Moscow
CSH,Solovetsky Islands,RU,Russia,Europe/Moscow
OVS,Sovetskiy,RU,Russia,Asia/Yekaterinburg
SEK,Srednekolymsk,RU,Russia,Asia/Srednekolymsk
LED,St. Petersburg,RU,Russia,Europe/Moscow
STW,Stavropol,RU,Russia,Europe/Moscow
SWT,Strezhevoy,RU,Russia,Asia/Krasnoyarsk
SUY,Suntar,RU,Russia,Asia/Yakutsk
SGC,Surgut,RU,Russia,Asia/Yekaterinburg
SCW,Syktyvkar,RU,Russia,Europe/Moscow
TGK,Taganrog,RU,Russia,Europe/Moscow
TBW,Tambow,RU,Russia,Europe/Moscow
IKS,Tiksi,RU,Russia,Asia/Yakutsk
TOF,Tomsk,RU,Russia,Asia/Krasnoyarsk
THX,Turukhansk,RU,Russia,Asia/Krasnoyarsk
KLD,Tver,RU,Russia,Europe/Moscow
TJM,Tyumen,RU,Russia,Asia/Yekaterinburg
UFA,Ufa,RU,Russia,Asia/Yekaterinburg
UCT,Ukhta,RU,Russia,Europe/Moscow
UUD,Ulan-ude,RU,Russia,Asia/Irkutsk
ULV,Ulyanovsk,RU,Russia,Europe/Samara
ULY,Ulyanovsk,RU,Russia,Europe/Samara
URJ,Uraj,RU,Russia,Asia/Yekaterinburg
USK,Usinsk,RU,Russia,Europe/Moscow
UIK,Ust Ilimsk,RU,Russia,Asia/Irkutsk
UKX,Ust-Kut,RU,Russia,Asia/Irkutsk
UMS,Ust-Maya,RU,Russia,Asia/Yakutsk
USR,Ust-Nera,RU,Russia,Asia/Vladivostok
UTS,Ust-Tsylma,RU,Russia,Europe/Moscow
VLU,Velikiye Luki,RU,Russia,Europe/Moscow
VUS,Veliky Ustyug,RU,Russia,Europe/Moscow
VVO,Vladivostok,RU,Russia,Asia/Vladivostok
VOG,Volgograd,RU,Russia,Europe/Moscow
VGD,Vologda,RU,Russia,Europe/Moscow
VKT,Vorkuta,RU,Russia,Europe/Moscow
VOZ,Voronezh,RU,Russia,Europe/Moscow
PYJ,Yakutia,RU,Russia,Asia/Yakutsk
GYG,Yakutsk,RU,Russia,Asia/Yakutsk
YKS,Yakutsk,RU,Russia,Asia/Yakutsk
IAR,Yaroslavl,RU,Russia,Europe/Moscow
SVX,Yekaterinburg,RU,Russia,Asia/Yekaterinburg
EIE,Yeniseysk,RU,Russia,Asia/Krasnoyarsk
ERG,Yerbogachen,RU,Russia,Asia/Irkutsk
JOK,Yoshkar-Ola,RU,Russia,Europe/Moscow
UUS,Yuzhno-sakhalinsk,RU,Russia,Asia/Srednekolymsk
ZKP,Zyryanka,RU,Russia,Asia/Srednekolymsk
GYI,Gisenyi,RW,Rwanda,Africa/Kigali
KME,Kamembe,RW,Rwanda,Africa/Kigali
KGL,Kigali,RW,Rwanda,Africa/Kigali
ASI,Wide Awake,SH,Saint Helena,Atlantic/St_Helena
SKB,Basse Terre,KN,Saint Kitts and Nevis,America/St_Kitts
NEV,Charlestown,KN,Saint Kitts and Nevis,America/St_Kitts
SLU,Castries,LC,Saint Lucia,America/St_Lucia
UVF,Hewandorra,LC,Saint Lucia,America/St_Lucia
MQC,Miquelon,PM,Saint Pierre and Miquelon,America/Miquelon
FSP,St.-pierre,PM,Saint Pierre and Miquelon,America/Miquelon
BQU,Bequia,VC,Saint Vincent and the Grenadines,America/St_Vincent
CIW,Canouan Island,VC,Saint Vincent and the Grenadines,America/St_Vincent
SVD,Kingstown,VC,Saint Vincent and the Grenadines,America/St_Vincent
MQS,Mustique,VC,Saint Vincent and the Grenadines,America/St_Vincent
UNI,Union Island,VC,Saint Vincent and the Grenadines,America/St_Vincent
FGI,Apia,WS,Samoa,Pacific/Apia
APW,Faleolo,WS,Samoa,Pacific/Apia
MXS,Savaii Island,WS,Samoa,Pacific/Apia
PCP,Principe,ST,Sao Tome and Principe,Africa/Sao_Tome
TMS,Sao Tome,ST,Sao Tome and Principe,Africa/Sao_Tome
AHB,Abha,SA,Saudi Arabia,Asia/Riyadh
AKH,Al Kharj,SA,Saudi Arabia,Asia/Riyadh
AJF,Al-Jawf,SA,Saudi Arabia,Asia/Riyadh
ULH,Al-Ula,SA,Saudi Arabia,Asia/Riyadh
HOF,Al-ahsa,SA,Saudi Arabia,Asia/Riyadh
RAE,Arar,SA,Saudi Arabia,Asia/Riyadh
BHH,Bisha,SA,Saudi Arabia,Asia/Riyadh
DMM,Dammam,SA,Saudi Arabia,Asia/Riyadh
DHA,Dhahran,SA,Saudi Arabia,Asia/Riyadh
ABT,El-baha,SA,Saudi Arabia,Asia/Riyadh
ELQ,Gassim,SA,Saudi Arabia,Asia/Riyadh
GIZ,Gizan,SA,Saudi Arabia,Asia/Riyadh
URY,Guriat,SA,Saudi Arabia,Asia/Riyadh
AQI,Hafr Al-batin,SA,Saudi Arabia,Asia/Riyadh
HAS,Hail,SA,Saudi Arabia,Asia/Riyadh
JED,Jeddah,SA,Saudi Arabia,Asia/Riyadh
QJB,Jubail,SA,Saudi Arabia,Asia/Riyadh
KMC,King Khalid Mil.city,SA,Saudi Arabia,Asia/Riyadh
MED,Madinah,SA,Saudi Arabia,Asia/Riyadh
EAM,Nejran,SA,Saudi Arabia,Asia/Riyadh
RAH,Rafha,SA,Saudi Arabia,Asia/Riyadh
RUH,Riyadh,SA,Saudi Arabia,Asia/Riyadh
SHW,Sharurah,SA,Saudi Arabia,Asia/Riyadh
SLF,Sulayel,SA,Saudi Arabia,Asia/Riyadh
TUU,Tabuk,SA,Saudi Arabia,Asia/Riyadh
TIF,Taif,SA,Saudi Arabia,Asia/Riyadh
TUI,Turaif,SA,Saudi Arabia,Asia/Riyadh
WAE,Wadi-al-dawasir,SA,Saudi Arabia,Asia/Riyadh
EJH,Wejh,SA,Saudi Arabia,Asia/Riyadh
YNB,Yenbo,SA,Saudi Arabia,Asia/Riyadh
BXE,Bakel,SN,Senegal,Africa/Dakar
CSK,Cap Skiring,SN,Senegal,Africa/Dakar
DKR,Dakar,SN,Senegal,Africa/Dakar
KLC,Kaolack,SN,Senegal,Africa/Dakar
KGG,Kedougou,SN,Senegal,Africa/Dakar
MAX,Matam,SN,Senegal,Africa/Dakar
XLS,St. Louis,SN,Senegal,Africa/Dakar
TUD,Tambacounda,SN,Senegal,Africa/Dakar
ZIG,Ziguinchor,SN,Senegal,Africa/Dakar
BEG,Belgrade,RS,Serbia,Europe/Belgrade
INI,Nis,RS,Serbia,Europe/Belgrade
PRN,Pristina,RS,Serbia,Europe/Belgrade
DES,Desroches,SC,Seychelles,Indian/Mahe
SEZ,Mahe,SC,Seychelles,Indian/Mahe
PRI,Praslin,SC,Seychelles,Indian/Mahe
KBS,Bo,SL,Sierra Leone,Africa/Freetown
BTE,Bonthe,SL,Sierra Leone,Africa/Freetown
FNA,Freetown,SL,Sierra Leone,Africa/Freetown
HGS,Freetown,SL,Sierra Leone,Africa/Freetown
GBK,Gbangbatok,SL,Sierra Leone,Africa/Freetown
KEN,Kenema,SL,Sierra Leone,Africa/Freetown
WYE,Yengema,SL,Sierra Leone,Africa/Freetown
QPG,Paya Lebar,SG,Singapore,Asia/Singapore
SIN,Singapore,SG,Singapore,Asia/Singapore
XSP,Singapore,SG,Singapore,Asia/Singapore
TGA,Tengah,SG,Singapore,Asia/Singapore
SXM,Philipsburg,SX,Sint Maarten,America/Curacao
BTS,Bratislava,SK,Slovakia,Europe/Bratislava
KSC,Kosice,SK,Slovakia,Europe/Bratislava
PZY,Piestany,SK,Slovakia,Europe/Bratislava
TAT,Poprad,SK,Slovakia,Europe/Bratislava
SLD,Sliac,SK,Slovakia,Europe/Bratislava
ILZ,Žilina,SK,Slovakia,Europe/Bratislava
LJU,Ljubljana,SI,Slovenia,Europe/Ljubljana
MBX,Maribor,SI,Slovenia,Europe/Ljubljana
POW,Portoroz,SI,Slovenia,Europe/Ljubljana
AFT,Afutara,SB,Solomon Islands,Pacific/Guadalcanal
ATD,Atoifi,SB,Solomon Islands,Pacific/Guadalcanal
AKS,Auki,SB,Solomon Islands,Pacific/Guadalcanal
BAS,Ballalae,SB,Solomon Islands,Pacific/Guadalcanal
BPF,Batuna,SB,Solomon Islands,Pacific/Guadalcanal
CHY,Choiseul Bay,SB,Solomon Islands,Pacific/Guadalcanal
FRE,Fera Island,SB,Solomon Islands,Pacific/Guadalcanal
GZO,Gizo,SB,Solomon Islands,Pacific/Guadalcanal
HIR,Honiara,SB,Solomon Islands,Pacific/Guadalcanal
KGE,Kagau Island,SB,Solomon Islands,Pacific/Guadalcanal
IRA,Kirakira,SB,Solomon Islands,Pacific/Guadalcanal
RUS,Marau,SB,Solomon Islands,Pacific/Guadalcanal
MBU,Mbambanakira,SB,Solomon Islands,Pacific/Guadalcanal
MUA,Munda,SB,Solomon Islands,Pacific/Guadalcanal
RBV,Ramata,SB,Solomon Islands,Pacific/Guadalcanal
RNL,Rennell Island,SB,Solomon Islands,Pacific/Guadalcanal
RIN,Ringi Cove,SB,Solomon Islands,Pacific/Guadalcanal
NNB,Santa Ana,SB,Solomon Islands,Pacific/Guadalcanal
SCZ,Santa Cruz/Graciosa Bay/Luova,SB,Solomon Islands,Pacific/Guadalcanal
EGM,Sege,SB,Solomon Islands,Pacific/Guadalcanal
MNY,Stirling Island,SB,Solomon Islands,Pacific/Guadalcanal
VAO,Suavanao,SB,Solomon Islands,Pacific/Guadalcanal
RNA,Ulawa,SB,Solomon Islands,Pacific/Guadalcanal
XYA,Yandina,SB,Solomon Islands,Pacific/Guadalcanal
ALU,Alula,SO,Somalia,Africa/Mogadishu
BBO,Berbera,SO,Somalia,Africa/Mogadishu
BSA,Bosaso,SO,Somalia,Africa/Mogadishu
BUO,Burao,SO,Somalia,Africa/Mogadishu
GLK,Galcaio,SO,Somalia,Africa/Mogadishu
HGA,Hargeisa,SO,Somalia,Africa/Mogadishu
KMU,Kismayu,SO,Somalia,Africa/Mogadishu
MGQ,Mogadishu,SO,Somalia,Africa/Mogadishu
AGZ,Aggeneys,ZA,South Africa,Africa/Johannesburg
ALJ,Alexander Bay,ZA,South Africa,Africa/Johannesburg
ADY,Alldays,ZA,South Africa,Africa/Johannesburg
BIY,Bisho,ZA,South Africa,Africa/Johannesburg
BFN,Bloemfontein,ZA,South Africa,Africa/Johannesburg
CPT,Cape Town,ZA,South Africa,Africa/Johannesburg
DUR,Durban,ZA,South Africa,Africa/Johannesburg
VIR,Durban,ZA,South Africa,Africa/Johannesburg
ELS,East London,ZA,South Africa,Africa/Johannesburg
FCB,Ficksburg,ZA,South Africa,Africa/Johannesburg
GRJ,George,ZA,South Africa,Africa/Johannesburg
HRS,Harrismith,ZA,South Africa,Africa/Johannesburg
HDS,Hoedspruit,ZA,South Africa,Africa/Johannesburg
GCJ,Johannesburg,ZA,South Africa,Africa/Johannesburg
HLA,Johannesburg,ZA,South Africa,Africa/Johannesburg
JNB,Johannesburg,ZA,South Africa,Africa/Johannesburg
QRA,Johannesburg,ZA,South Africa,Africa/Johannesburg
KIM,Kimberley,ZA,South Africa,Africa/Johannesburg
KLZ,Kleinsee,ZA,South Africa,Africa/Johannesburg
KXE,Klerksdorp,ZA,South Africa,Africa/Johannesburg
KMH,Kuruman,ZA,South Africa,Africa/Johannesburg
LAY,Ladysmith,ZA,South Africa,Africa/Johannesburg
SDB,Langebaanweg,ZA,South Africa,Africa/Johannesburg
MBD,Mafeking,ZA,South Africa,Africa/Johannesburg
LLE,Malalane,ZA,South Africa,Africa/Johannesburg
AAM,Malamala,ZA,South Africa,Africa/Johannesburg
MGH,Margate,ZA,South Africa,Africa/Johannesburg
MZQ,Mkuze,ZA,South Africa,Africa/Johannesburg
MQP,Mpumalanga,ZA,South Africa,Africa/Johannesburg
NLP,Nelspruit,ZA,South Africa,Africa/Johannesburg
NCS,Newcastle,ZA,South Africa,Africa/Johannesburg
OUH,Oudtshoorn,ZA,South Africa,Africa/Johannesburg
OVG,Overberg,ZA,South Africa,Africa/Johannesburg
PHW,Phalaborwa,ZA,South Africa,Africa/Johannesburg
PZB,Pietermaritzburg,ZA,South Africa,Africa/Johannesburg
NTY,Pilanesberg,ZA,South Africa,Africa/Johannesburg
PBZ,Plettenberg Bay,ZA,South Africa,Africa/Johannesburg
PLZ,Port Elizabeth,ZA,South Africa,Africa/Johannesburg
JOH,Port Saint Johns,ZA,South Africa,Africa/Johannesburg
PCF,Potchefstroom,ZA,South Africa,Africa/Johannesburg
PTG,Potgietersrus,ZA,South Africa,Africa/Johannesburg
PRY,Pretoria,ZA,South Africa,Africa/Johannesburg
UTW,Queenstown,ZA,South Africa,Africa/Johannesburg
RCB,Richard's Bay,ZA,South Africa,Africa/Johannesburg
ROD,Robertson,ZA,South Africa,Africa/Johannesburg
ZEC,Secunda,ZA,South Africa,Africa/Johannesburg
SIS,Sishen,ZA,South Africa,Africa/Johannesburg
SZK,Skukuza,ZA,South Africa,Africa/Johannesburg
SBU,Springbok,ZA,South Africa,Africa/Johannesburg
LTA,Tzaneen,ZA,South Africa,Africa/Johannesburg
ULD,Ulundi,ZA,South Africa,Africa/Johannesburg
UTT,Umtata,ZA,South Africa,Africa/Johannesburg
UTN,Upington,ZA,South Africa,Africa/Johannesburg
VRE,Vredendal,ZA,South Africa,Africa/Johannesburg
VRU,Vryburg,ZA,South Africa,Africa/Johannesburg
WKF,Waterkloof,ZA,South Africa,Africa/Johannesburg
PUS,Busan,KR,South Korea,Asia/Seoul
CJU,Cheju,KR,South Korea,Asia/Seoul
CHF,Chinhae,KR,South Korea,Asia/Seoul
CJJ,Chongju,KR,South Korea,Asia/Seoul
CHN,Jhunju,KR,South Korea,Asia/Seoul
KAG,Kangnung,KR,South Korea,Asia/Seoul
KUV,Kunsan,KR,South Korea,Asia/Seoul
KWJ,Kwangju,KR,South Korea,Asia/Seoul
MPK,Mokpo,KR,South Korea,Asia/Seoul
MWX,Muan,KR,South Korea,Asia/Seoul
OSN,Osan,KR,South Korea,Asia/Seoul
KPO,Pohang,KR,South Korea,Asia/Seoul
HIN,Sacheon,KR,South Korea,Asia/Seoul
JDG,Seogwipo,KR,South Korea,Asia/Seoul
GMP,Seoul,KR,South Korea,Asia/Seoul
ICN,Seoul,KR,South Korea,Asia/Seoul
SSN,Seoul East,KR,South Korea,Asia/Seoul
YNY,Sokcho / Gangneung,KR,South Korea,Asia/Seoul
SWU,Suwon,KR,South Korea,Asia/Seoul
TAE,Taegu,KR,South Korea,Asia/Seoul
USN,Ulsan,KR,South Korea,Asia/Seoul
WJU,Wonju,KR,South Korea,Asia/Seoul
YEC,Yechon,KR,South Korea,Asia/Seoul
RSU,Yeosu,KR,South Korea,Asia/Seoul
JUB,Juba,SS,South Sudan,Africa/Juba
ABC,Albacete,ES,Spain,Europe/Madrid
ALC,Alicante,ES,Spain,Europe/Madrid
LEI,Almeria,ES,Spain,Europe/Madrid
ACE,Arrecife,ES,Spain,Atlantic/Canary
OVD,Aviles,ES,Spain,Europe/Madrid
BJZ,Badajoz,ES,Spain,Europe/Madrid
BCN,Barcelona,ES,Spain,Europe/Madrid
BIO,Bilbao,ES,Spain,Europe/Madrid
RGS,Burgos,ES,Spain,Europe/Madrid
CQM,Ciudad Real,ES,Spain,Europe/Madrid
ODB,Cordoba,ES,Spain,Europe/Madrid
FUE,Fuerteventura,ES,Spain,Atlantic/Canary
GRO,Gerona,ES,Spain,Europe/Madrid
LPA,Gran Canaria,ES,Spain,Atlantic/Canary
GRX,Granada,ES,Spain,Europe/Madrid
VDE,Hierro,ES,Spain,Atlantic/Canary
HSK,Huesca,ES,Spain,Europe/Madrid
IBZ,Ibiza,ES,Spain,Europe/Madrid
XRY,Jerez,ES,Spain,Europe/Madrid
LCG,La Coruna,ES,Spain,Europe/Madrid
GMZ,La Gomera,ES,Spain,Atlantic/Canary
LEN,Leon,ES,Spain,Europe/Madrid
ILD,Lleida,ES,Spain,Europe/Madrid
RJL,Logroño-Agoncillo,ES,Spain,Europe/Madrid
MAD,Madrid,ES,Spain,Europe/Madrid
TOJ,Madrid,ES,Spain,Europe/Madrid
AGP,Malaga,ES,Spain,Europe/Madrid
MLN,Melilla,ES,Spain,Europe/Madrid
MAH,Menorca,ES,Spain,Europe/Madrid
MJV,Murcia,ES,Spain,Europe/Madrid
PMI,Palma de Mallorca,ES,Spain,Europe/Madrid
PNA,Pamplona,ES,Spain,Europe/Madrid
REU,Reus,ES,Spain,Europe/Madrid
ROZ,Rota,ES,Spain,Europe/Madrid
QSA,Sabadell,ES,Spain,Europe/Madrid
SLM,Salamanca,ES,Spain,Europe/Madrid
EAS,San Sebastian,ES,Spain,Europe/Madrid
SPC,Santa Cruz De La Palma,ES,Spain,Atlantic/Canary
SDR,Santander,ES,Spain,Europe/Madrid
SCQ,Santiago,ES,Spain,Europe/Madrid
LEU,Seo De Urgel,ES,Spain,Europe/Madrid
OZP,Sevilla,ES,Spain,Europe/Madrid
SVQ,Sevilla,ES,Spain,Europe/Madrid
TFN,Tenerife,ES,Spain,Atlantic/Canary
TFS,Tenerife,ES,Spain,Atlantic/Canary
VLC,Valencia,ES,Spain,Europe/Madrid
VLL,Valladolid,ES,Spain,Europe/Madrid
VGO,Vigo,ES,Spain,Europe/Madrid
VIT,Vitoria,ES,Spain,Europe/Madrid
ZAZ,Zaragoza,ES,Spain,Europe/Madrid
ACJ,Anuradhapura,LK,Sri Lanka,Asia/Colombo
BTC,Batticaloa,LK,Sri Lanka,Asia/Colombo
CMB,Colombo,LK,Sri Lanka,Asia/Colombo
RML,Colombo,LK,Sri Lanka,Asia/Colombo
ADP,Galoya,LK,Sri Lanka,Asia/Colombo
JAF,Jaffna,LK,Sri Lanka,Asia/Colombo
KCT,Koggala,LK,Sri Lanka,Asia/Colombo
HRI,Mattala,LK,Sri Lanka,Asia/Colombo
GIU,Sigiriya,LK,Sri Lanka,Asia/Colombo
TRR,Trinciomalee,LK,Sri Lanka,Asia/Colombo
WRZ,Wirawila,LK,Sri Lanka,Asia/Colombo
ATB,Atbara,SD,Sudan,Africa/Khartoum
RSS,Damazin,SD,Sudan,Africa/Khartoum
DOG,Dongola,SD,Sudan,Africa/Khartoum
ELF,El Fasher,SD,Sudan,Africa/Khartoum
EBD,El Obeid,SD,Sudan,Africa/Khartoum
EGN,Geneina,SD,Sudan,Africa/Khartoum
KDX,Kadugli,SD,Sudan,Africa/Khartoum
KSL,Kassala,SD,Sudan,Africa/Khartoum
KRT,Khartoum,SD,Sudan,Africa/Khartoum
MAK,Malakal,SD,Sudan,Africa/Juba
UYL,Nyala,SD,Sudan,Africa/Khartoum
PZU,Port Sudan,SD,Sudan,Africa/Khartoum
RBX,Rumbek,SD,Sudan,Africa/Juba
WHF,Wadi Halfa,SD,Sudan,Africa/Khartoum
WUU,Wau,SD,Sudan,Africa/Juba
ABN,Albina,SR,Suriname,America/Paramaribo
DRJ,Drietabbetje,SR,Suriname,America/Paramaribo
MOJ,Moengo,SR,Suriname,America/Paramaribo
ICK,Nieuw Nickerie,SR,Suriname,America/Paramaribo
OEM,Paloemeu,SR,Suriname,America/Paramaribo
ORG,Paramaribo,SR,Suriname,America/Paramaribo
SMZ,Stoelmans Eiland,SR,Suriname,America/Paramaribo
TOT,Totness,SR,Suriname,America/Paramaribo
AGI,Wageningen,SR,Suriname,America/Paramaribo
WSO,Washabo,SR,Suriname,America/Paramaribo
PBM,Zandery,SR,Suriname,America/Paramaribo
AJR,Arvidsjaur,SE,Sweden,Europe/Stockholm
BLE,Borlange,SE,Sweden,Europe/Stockholm
EKT,Eskilstuna,SE,Sweden,Europe/Stockholm
GEV,Gallivare,SE,Sweden,Europe/Stockholm
GVX,Gavle,SE,Sweden,Europe/Stockholm
GOT,Gothenborg,SE,Sweden,Europe/Stockholm
GSE,Gothenborg,SE,Sweden,Europe/Stockholm
HFS,Hagfors,SE,Sweden,Europe/Stockholm
HAD,Halmstad,SE,Sweden,Europe/Stockholm
HMV,Hemavan,SE,Sweden,Europe/Stockholm
HUV,Hudiksvall,SE,Sweden,Europe/Stockholm
HLF,Hultsfred,SE,Sweden,Europe/Stockholm
JKG,Joenkoeping,SE,Sweden,Europe/Stockholm
KLR,Kalkmar,SE,Sweden,Europe/Stockholm
KSK,Karlskoga,SE,Sweden,Europe/Stockholm
KSD,Karlstad,SE,Sweden,Europe/Stockholm
KRN,Kiruna,SE,Sweden,Europe/Stockholm
KRF,Kramfors,SE,Sweden,Europe/Stockholm
KID,Kristianstad,SE,Sweden,Europe/Stockholm
LDK,Lidkoping,SE,Sweden,Europe/Stockholm
LPI,Linkoeping,SE,Sweden,Europe/Stockholm
LLA,Lulea,SE,Sweden,Europe/Stockholm
LYC,Lycksele,SE,Sweden,Europe/Stockholm
MMX,Malmoe,SE,Sweden,Europe/Stockholm
SQO,Mohed,SE,Sweden,Europe/Stockholm
MXX,Mora,SE,Sweden,Europe/Stockholm
NRK,Norrkoeping,SE,Sweden,Europe/Stockholm
ORB,Orebro,SE,Sweden,Europe/Stockholm
OER,Ornskoldsvik,SE,Sweden,Europe/Stockholm
OSK,Oskarshamn,SE,Sweden,Europe/Stockholm
PJA,Pajala,SE,Sweden,Europe/Stockholm
RNB,Ronneby,SE,Sweden,Europe/Stockholm
SFT,Skelleftea,SE,Sweden,Europe/Stockholm
KVB,Skovde,SE,Sweden,Europe/Stockholm
SOO,Soderhamn,SE,Sweden,Europe/Stockholm
ARN,Stockholm,SE,Sweden,Europe/Stockholm
BMA,Stockholm,SE,Sweden,Europe/Stockholm
NYO,Stockholm,SE,Sweden,Europe/Stockholm
SDL,Sundsvall,SE,Sweden,Europe/Stockholm
EVG,Sveg,SE,Sweden,Europe/Stockholm
TYF,Torsby,SE,Sweden,Europe/Stockholm
THN,Trollhattan,SE,Sweden,Europe/Stockholm
UME,Umea,SE,Sweden,Europe/Stockholm
VST,Vasteras,SE,Sweden,Europe/Stockholm
VXO,Vaxjo,SE,Sweden,Europe/Stockholm
VHM,Vilhelmina,SE,Sweden,Europe/Stockholm
VBY,Visby,SE,Sweden,Europe/Stockholm
AGH,Ängelholm,SE,Sweden,Europe/Stockholm
OSD,Östersund,SE,Sweden,Europe/Stockholm
ACH,Altenrhein,CH,Switzerland,Europe/Zurich
BRN,Bern,CH,Switzerland,Europe/Zurich
BXO,Buochs,CH,Switzerland,Europe/Zurich
EML,Emmen,CH,Switzerland,Europe/Zurich
GVA,Geneva,CH,Switzerland,Europe/Paris
ZHI,Grenchen,CH,Switzerland,Europe/Zurich
ZIN,Interlaken,CH,Switzerland,Europe/Zurich
QLS,Lausanne,CH,Switzerland,Europe/Zurich
ZJI,Locarno,CH,Switzerland,Europe/Zurich
LUG,Lugano,CH,Switzerland,Europe/Zurich
QNC,Neuchatel,CH,Switzerland,Europe/Zurich
SMV,Samedan,CH,Switzerland,Europe/Zurich
SIR,Sion,CH,Switzerland,Europe/Zurich
ZRH,Zurich,CH,Switzerland,Europe/Zurich
ALP,Aleppo,SY,Syria,Asia/Damascus
DAM,Damascus,SY,Syria,Asia/Damascus
DEZ,Deire Zor,SY,Syria,Asia/Damascus
KAC,Kamishly,SY,Syria,Asia/Damascus
LTK,Latakia,SY,Syria,Asia/Damascus
PMS,Palmyra,SY,Syria,Asia/Damascus
CYI,Chiayi,TW,Taiwan,Asia/Taipei
CMJ,Cimei,TW,Taiwan,Asia/Taipei
TTT,Fengnin,TW,Taiwan,Asia/Taipei
GNI,Green Island,TW,Taiwan,Asia/Taipei
HCN,Hengchun,TW,Taiwan,Asia/Taipei
HSZ,Hsinchu,TW,Taiwan,Asia/Taipei
HUN,Hualien,TW,Taiwan,Asia/Taipei
KHH,Kaohsiung,TW,Taiwan,Asia/Taipei
KNH,Kinmen,TW,Taiwan,Asia/Taipei
KYD,Lanyu,TW,Taiwan,Asia/Taipei
MZG,Makung,TW,Taiwan,Asia/Taipei
LZN,Matsu Islands,TW,Taiwan,Asia/Taipei
MFK,Matsu Islands,TW,Taiwan,Asia/Taipei
PIF,Pingtung,TW,Taiwan,Asia/Taipei
RMQ,Taichung,TW,Taiwan,Asia/Taipei
TXG,Taichung,TW,Taiwan,Asia/Taipei
TNN,Tainan,TW,Taiwan,Asia/Taipei
TPE,Taipei,TW,Taiwan,Asia/Taipei
TSA,Taipei,TW,Taiwan,Asia/Taipei
WOT,Wang An,TW,Taiwan,Asia/Taipei
DYU,Dushanbe,TJ,Tajikistan,Asia/Dushanbe
LBD,Khudzhand,TJ,Tajikistan,Asia/Dushanbe
TJU,Kulyab,TJ,Tajikistan,Asia/Dushanbe
KQT,Kurgan Tyube,TJ,Tajikistan,Asia/Dushanbe
ARK,Arusha,TZ,Tanzania,Africa/Dar_es_Salaam
BKZ,Bukoba,TZ,Tanzania,Africa/Dar_es_Salaam
DAR,Dar Es Salaam,TZ,Tanzania,Africa/Dar_es_Salaam
DOD,Dodoma,TZ,Tanzania,Africa/Dar_es_Salaam
IRI,Iringa,TZ,Tanzania,Africa/Dar_es_Salaam
TKQ,Kigoma,TZ,Tanzania,Africa/Dar_es_Salaam
JRO,Kilimanjaro,TZ,Tanzania,Africa/Dar_es_Salaam
LKY,Lake Manyara,TZ,Tanzania,Africa/Dar_es_Salaam
LDI,Lindi,TZ,Tanzania,Africa/Dar_es_Salaam
MFA,Mafia Island,TZ,Tanzania,Africa/Dar_es_Salaam
MYW,Mtwara,TZ,Tanzania,Africa/Dar_es_Salaam
MUZ,Musoma,TZ,Tanzania,Africa/Dar_es_Salaam
MWZ,Mwanza,TZ,Tanzania,Africa/Dar_es_Salaam
PMA,Pemba,TZ,Tanzania,Africa/Dar_es_Salaam
SEU,Seronera,TZ,Tanzania,Africa/Dar_es_Salaam
SHY,Shinyanga,TZ,Tanzania,Africa/Dar_es_Salaam
SGX,Songea,TZ,Tanzania,Africa/Dar_es_Salaam
TBO,Tabora,TZ,Tanzania,Africa/Dar_es_Salaam
TGT,Tanga,TZ,Tanzania,Africa/Dar_es_Salaam
ZNZ,Zanzibar,TZ,Tanzania,Africa/Dar_es_Salaam
BKK,Bangkok,TH,Thailand,Asia/Bangkok
DMK,Bangkok,TH,Thailand,Asia/Bangkok
BFV,Buri Ram,TH,Thailand,Asia/Bangkok
CNX,Chiang Mai,TH,Thailand,Asia/Bangkok
CEI,Chiang Rai,TH,Thailand,Asia/Bangkok
CJM,Chumphon,TH,Thailand,Asia/Bangkok
HDY,Hat Yai,TH,Thailand,Asia/Bangkok
KKC,Khon Kaen,TH,Thailand,Asia/Bangkok
USM,Ko Samui,TH,Thailand,Asia/Bangkok
KBV,Krabi,TH,Thailand,Asia/Bangkok
LPT,Lampang,TH,Thailand,Asia/Bangkok
LOE,Loei,TH,Thailand,Asia/Bangkok
HGN,Mae Hong Son,TH,Thailand,Asia/Bangkok
KDT,Nakhon Pathom,TH,Thailand,Asia/Bangkok
KOP,Nakhon Phanom,TH,Thailand,Asia/Bangkok
NAK,Nakhon Ratchasima,TH,Thailand,Asia/Bangkok
TKH,Nakhon Sawan,TH,Thailand,Asia/Bangkok
NST,Nakhon Si Thammarat,TH,Thailand,Asia/Bangkok
NNT,Nan,TH,Thailand,Asia/Bangkok
NAW,Narathiwat,TH,Thailand,Asia/Bangkok
PYY,Pai,TH,Thailand,Asia/Bangkok
PAN,Pattani,TH,Thailand,Asia/Bangkok
UTP,Pattaya,TH,Thailand,Asia/Bangkok
PHY,Phetchabun,TH,Thailand,Asia/Bangkok
PHS,Phitsanulok,TH,Thailand,Asia/Bangkok
PRH,Phrae,TH,Thailand,Asia/Bangkok
HKT,Phuket,TH,Thailand,Asia/Bangkok
HHQ,Prachuap Khiri Khan,TH,Thailand,Asia/Bangkok
UNN,Ranong,TH,Thailand,Asia/Bangkok
ROI,Roi Et,TH,Thailand,Asia/Bangkok
SNO,Sakon Nakhon,TH,Thailand,Asia/Bangkok
SGZ,Songkhla,TH,Thailand,Asia/Bangkok
THS,Sukhothai,TH,Thailand,Asia/Bangkok
URT,Surat Thani,TH,Thailand,Asia/Bangkok
PXR,Surin,TH,Thailand,Asia/Bangkok
MAQ,Tak,TH,Thailand,Asia/Bangkok
TKT,Tak,TH,Thailand,Asia/Bangkok
TST,Trang,TH,Thailand,Asia/Bangkok
TDX,Trat,TH,Thailand,Asia/Bangkok
UBP,Ubon Ratchathani,TH,Thailand,Asia/Bangkok
UTH,Udon Thani,TH,Thailand,Asia/Bangkok
BCH,Baucau,TL,Timor-Leste,Asia/Dili
DIL,Dili,TL,Timor-Leste,Asia/Dili
UAI,Suai,TL,Timor-Leste,Asia/Dili
LFW,Lome,TG,Togo,Africa/Lome
LRL,Niatougou,TG,Togo,Africa/Lome
NFO,"Angaha, Niuafo'ou Island",TO,Tonga,Pacific/Tongatapu
EUA,Eua Island,TO,Tonga,Pacific/Tongatapu
HPA,Lifuka,TO,Tonga,Pacific/Tongatapu
NTT,Niuatoputapu,TO,Tonga,Pacific/Tongatapu
TBU,Tongatapu,TO,Tonga,Pacific/Tongatapu
VAV,Vava'u,TO,Tonga,Pacific/Tongatapu
POS,Port-of-spain,TT,Trinidad and Tobago,America/Port_of_Spain
TAB,Scarborough,TT,Trinidad and Tobago,America/Port_of_Spain
DJE,Djerba,TN,Tunisia,Africa/Tunis
EBM,El Borma,TN,Tunisia,Africa/Tunis
NBE,Enfidha,TN,Tunisia,Africa/Tunis
GAE,Gabes,TN,Tunisia,Africa/Tunis
GAF,Gafsa,TN,Tunisia,Africa/Tunis
MIR,Monastir,TN,Tunisia,Africa/Tunis
SFA,Sfax,TN,Tunisia,Africa/Tunis
TBJ,Tabarka,TN,Tunisia,Africa/Tunis
TOE,Tozeur,TN,Tunisia,Africa/Tunis
TUN,Tunis,TN,Tunisia,Africa/Tunis
ADA,Adana,TR,Turkey,Europe/Istanbul
UAB,Adana,TR,Turkey,Europe/Istanbul
ADF,Adiyaman,TR,Turkey,Europe/Istanbul
AFY,Afyon,TR,Turkey,Europe/Istanbul
AJI,Agri,TR,Turkey,Europe/Istanbul
GZP,Alanya,TR,Turkey,Europe/Istanbul
ANK,Ankara,TR,Turkey,Europe/Istanbul
ESB,Ankara,TR,Turkey,Europe/Istanbul
AYT,Antalya,TR,Turkey,Europe/Istanbul
BZI,Balikesir,TR,Turkey,Europe/Istanbul
EDO,Balikesir Korfez,TR,Turkey,Europe/Istanbul
BDM,Bandirma,TR,Turkey,Europe/Istanbul
BAL,Batman,TR,Turkey,Europe/Istanbul
BGG,Bingol,TR,Turkey,Europe/Istanbul
BJV,Bodrum,TR,Turkey,Europe/Istanbul
BXN,Bodrum,TR,Turkey,Europe/Istanbul
BTZ,Bursa,TR,Turkey,Europe/Istanbul
CKZ,Canakkale,TR,Turkey,Europe/Istanbul
NKT,Cizre,TR,Turkey,Europe/Istanbul
DLM,Dalaman,TR,Turkey,Europe/Istanbul
DNZ,Denizli,TR,Turkey,Europe/Istanbul
DIY,Diyabakir,TR,Turkey,Europe/Istanbul
EZS,Elazig,TR,Turkey,Europe/Istanbul
ERC,Erzincan,TR,Turkey,Europe/Istanbul
ERZ,Erzurum,TR,Turkey,Europe/Istanbul
ESK,Eskisehir,TR,Turkey,Europe/Istanbul
AOE,Eskissehir,TR,Turkey,Europe/Istanbul
GZT,Gaziantep,TR,Turkey,Europe/Istanbul
HTY,Hatay,TR,Turkey,Europe/Istanbul
IGD,Igdir,TR,Turkey,Europe/Istanbul
ISE,Isparta,TR,Turkey,Europe/Istanbul
ISL,Istanbul,TR,Turkey,Europe/Istanbul
SAW,Istanbul,TR,Turkey,Europe/Istanbul
ADB,Izmir,TR,Turkey,Europe/Istanbul
IGL,Izmir,TR,Turkey,Europe/Istanbul
KCM,Kahramanmaras,TR,Turkey,Europe/Istanbul
KSY,Kars,TR,Turkey,Europe/Istanbul
KFS,Kastamonu,TR,Turkey,Europe/Istanbul
ASR,Kayseri,TR,Turkey,Europe/Istanbul
KYA,Konya,TR,Turkey,Europe/Istanbul
KZR,Kutahya,TR,Turkey,Europe/Istanbul
MLX,Malatya,TR,Turkey,Europe/Istanbul
MQM,Mardin,TR,Turkey,Europe/Istanbul
MZH,Merzifon,TR,Turkey,Europe/Istanbul
MSR,Mus,TR,Turkey,Europe/Istanbul
NAV,Nevsehir,TR,Turkey,Europe/Istanbul
SZF,Samsun,TR,Turkey,Europe/Istanbul
GNY,Sanliurfa,TR,Turkey,Europe/Istanbul
SFQ,Sanliurfa,TR,Turkey,Europe/Istanbul
SXZ,Siirt,TR,Turkey,Europe/Istanbul
NOP,Sinop,TR,Turkey,Europe/Istanbul
VAS,Sivas,TR,Turkey,Europe/Istanbul
TJK,Tokat,TR,Turkey,Europe/Istanbul
KCO,Topel,TR,Turkey,Europe/Istanbul
TZX,Trabzon,TR,Turkey,Europe/Istanbul
USQ,Usak,TR,Turkey,Europe/Istanbul
VAN,Van,TR,Turkey,Europe/Istanbul
YEI,Yenisehir,TR,Turkey,Europe/Istanbul
ONQ,Zonguldak,TR,Turkey,Europe/Istanbul
TEQ,Çorlu,TR,Turkey,Europe/Istanbul
ASB,Ashkhabad,TM,Turkmenistan,Asia/Ashgabat
CRZ,Chardzhou,TM,Turkmenistan,Asia/Ashgabat
TAZ,Dasoguz,TM,Turkmenistan,Asia/Ashgabat
KRW,Krasnovodsk,TM,Turkmenistan,Asia/Ashgabat
MYP,Mary,TM,Turkmenistan,Asia/Ashgabat
GDT,Cockburn Town,TC,Turks and Caicos Islands,America/Grand_Turk
MDS,Middle Caicos,TC,Turks and Caicos Islands,America/Grand_Turk
NCA,North Caicos,TC,Turks and Caicos Islands,America/Grand_Turk
PLS,Providenciales,TC,Turks and Caicos Islands,America/Grand_Turk
SLX,Salt Cay,TC,Turks and Caicos Islands,America/Grand_Turk
XSC,South Caicos,TC,Turks and Caicos Islands,America/Grand_Turk
FUN,Funafuti,TV,Tuvalu,Pacific/Funafuti
RUA,Arua,UG,Uganda,Africa/Kampala
EBB,Entebbe,UG,Uganda,Africa/Kampala
ULU,Gulu,UG,Uganda,Africa/Kampala
SRT,Soroti,UG,Uganda,Africa/Kampala
CKC,Cherkassy,UA,Ukraine,Europe/Kiev
CEJ,Chernigov,UA,Ukraine,Europe/Kiev
CWC,Chernovtsk,UA,Ukraine,Europe/Kiev
DNK,Dnepropetrovsk,UA,Ukraine,Europe/Kiev
DOK,Donetsk,UA,Ukraine,Europe/Kiev
IFO,Ivano-Frankivsk,UA,Ukraine,Europe/Kiev
KHC,Kerch,UA,Ukraine,Europe/Simferopol
HRK,Kharkov,UA,Ukraine,Europe/Kiev
KHE,Kherson,UA,Ukraine,Europe/Kiev
HMJ,Khmeinitskiy,UA,Ukraine,Europe/Kiev
GML,Kiev,UA,Ukraine,Europe/Kiev
IEV,Kiev,UA,Ukraine,Europe/Kiev
KBP,Kiev,UA,Ukraine,Europe/Kiev
KGO,Kirovograd,UA,Ukraine,Europe/Kiev
KWG,Krivoy Rog,UA,Ukraine,Europe/Kiev
VSG,Lugansk,UA,Ukraine,Europe/Kiev
UCK,Lutsk,UA,Ukraine,Europe/Kiev
LWO,Lvov,UA,Ukraine,Europe/Kiev
MPW,Mariupol International,UA,Ukraine,Europe/Kiev
NLV,Nikolayev,UA,Ukraine,Europe/Kiev
ODS,Odessa,UA,Ukraine,Europe/Kiev
PLV,Poltava,UA,Ukraine,Europe/Kiev
RWN,Rivne,UA,Ukraine,Europe/Kiev
UKS,Sevastopol,UA,Ukraine,Europe/Simferopol
SIP,Simferopol,UA,Ukraine,Europe/Simferopol
UDJ,Uzhgorod,UA,Ukraine,Europe/Kiev
VIN,Vinnitsa,UA,Ukraine,Europe/Kiev
OZH,Zaporozhye,UA,Ukraine,Europe/Kiev
ZTR,Zhytomyr,UA,Ukraine,Europe/Kiev
AUH,Abu Dhabi,AE,United Arab Emirates,Asia/Dubai
AZI,Abu Dhabi,AE,United Arab Emirates,Asia/Dubai
DHF,Abu Dhabi,AE,United Arab Emirates,Asia/Dubai
AAN,Al Ain,AE,United Arab Emirates,Asia/Dubai
DWC,Dubai,AE,United Arab Emirates,Asia/Dubai
DXB,Dubai,AE,United Arab Emirates,Asia/Dubai
FJR,Fujeirah,AE,United Arab Emirates,Asia/Dubai
NHD,Minhad AB,AE,United Arab Emirates,Asia/Dubai
RKT,Ras Al Khaimah,AE,United Arab Emirates,Asia/Dubai
SHJ,Sharjah,AE,United Arab Emirates,Asia/Dubai
XSB,Sir Bani Yas Island,AE,United Arab Emirates,Asia/Dubai
ABZ,Aberdeen,GB,United Kingdom,Europe/London
VLY,Angelsey,GB,United Kingdom,Europe/London
BRR,Barra,GB,United Kingdom,Europe/London
BWF,Barrow Island,GB,United Kingdom,Europe/London
BFS,Belfast,GB,United Kingdom,Europe/London
BHD,Belfast,GB,United Kingdom,Europe/London
BBP,Bembridge,GB,United Kingdom,Europe/London
BEB,Benbecula,GB,United Kingdom,Europe/London
BEX,Benson,GB,United Kingdom,Europe/London
BQH,Biggin Hill,GB,United Kingdom,Europe/London
BHX,Birmingham,GB,United Kingdom,Europe/London
BBS,Blackbushe,GB,United Kingdom,Europe/London
BLK,Blackpool,GB,United Kingdom,Europe/London
BOH,Bournemouth,GB,United Kingdom,Europe/London
BRS,Bristol,GB,United Kingdom,Europe/London
FZO,Bristol,GB,United Kingdom,Europe/London
BZZ,Brize Norton,GB,United Kingdom,Europe/London
CBG,Cambridge,GB,United Kingdom,Europe/London
CAL,Campbeltown,GB,United Kingdom,Europe/London
CWL,Cardiff,GB,United Kingdom,Europe/London
CAX,Carlisle,GB,United Kingdom,Europe/London
CSA,Colonsay,GB,United Kingdom,Europe/London
QCY,Coningsby,GB,United Kingdom,Europe/London
CVT,Coventry,GB,United Kingdom,Europe/London
DSA,"Doncaster, Sheffield",GB,United Kingdom,Europe/London
DND,Dundee,GB,United Kingdom,Europe/London
QFO,Duxford,GB,United Kingdom,Europe/London
EMA,East Midlands,GB,United Kingdom,Europe/London
EOI,Eday,GB,United Kingdom,Europe/London
EDI,Edinburgh,GB,United Kingdom,Europe/London
ENK,Enniskillen,GB,United Kingdom,Europe/London
EXT,Exeter,GB,United Kingdom,Europe/London
FIE,Fair Isle,GB,United Kingdom,Europe/London
FFD,Fairford,GB,United Kingdom,Europe/London
FAB,Farnborough,GB,United Kingdom,Europe/London
GLA,Glasgow,GB,United Kingdom,Europe/London
GLO,Golouchestershire,GB,United Kingdom,Europe/London
HAW,Haverfordwest,GB,United Kingdom,Europe/London
CEG,Hawarden,GB,United Kingdom,Europe/London
BEQ,Honington,GB,United Kingdom,Europe/London
HUY,Humberside,GB,United Kingdom,Europe/London
INV,Inverness,GB,United Kingdom,Europe/London
ILY,Islay,GB,United Kingdom,Europe/London
KOI,Kirkwall,GB,United Kingdom,Europe/London
LKZ,Lakenheath,GB,United Kingdom,Europe/London
LEQ,Land's End,GB,United Kingdom,Europe/London
QLA,Lasham,GB,United Kingdom,Europe/London
LBA,Leeds,GB,United Kingdom,Europe/London
LWK,Lerwick,GB,United Kingdom,Europe/London
ADX,Leuchars,GB,United Kingdom,Europe/London
HRT,Linton-on-ouse,GB,United Kingdom,Europe/London
LPL,Liverpool,GB,United Kingdom,Europe/London
LCY,London,GB,United Kingdom,Europe/London
LGW,London,GB,United Kingdom,Europe/London
LHR,London,GB,United Kingdom,Europe/London
LTN,London,GB,United Kingdom,Europe/London
STN,London,GB,United Kingdom,Europe/London
LDY,Londonderry,GB,United Kingdom,Europe/London
LMO,Lossiemouth,GB,United Kingdom,Europe/London
LYX,Lydd,GB,United Kingdom,Europe/London
LYM,Lympne,GB,United Kingdom,Europe/London
LYE,Lyneham,GB,United Kingdom,Europe/London
MAN,Manchester,GB,United Kingdom,Europe/London
MSE,Manston,GB,United Kingdom,Europe/London
KNF,Marham,GB,United Kingdom,Europe/London
MHZ,Mildenhall,GB,United Kingdom,Europe/London
NCL,Newcastle,GB,United Kingdom,Europe/London
NQY,Newquai,GB,United Kingdom,Europe/London
OBN,North Connel,GB,United Kingdom,Europe/London
NRL,North Ronaldsay,GB,United Kingdom,Europe/London
NHT,Northolt,GB,United Kingdom,Europe/London
NWI,Norwich,GB,United Kingdom,Europe/London
NQT,Nottingham,GB,United Kingdom,Europe/London
ODH,Odiham,GB,United Kingdom,Europe/London
OUK,Outer Skerries,GB,United Kingdom,Europe/London
OXF,Oxford,GB,United Kingdom,Europe/London
GBA,Pailton,GB,United Kingdom,Europe/London
PPW,Papa Westray,GB,United Kingdom,Europe/London
PZE,Penzance,GB,United Kingdom,Europe/London
PSL,Perth,GB,United Kingdom,Europe/London
PLH,Plymouth,GB,United Kingdom,Europe/London
PIK,Prestwick,GB,United Kingdom,Europe/London
KRH,Redhill,GB,United Kingdom,Europe/London
RCS,Rochester,GB,United Kingdom,Europe/London
ISC,ST MARY\'S,GB,United Kingdom,Europe/London
NDY,Sanday,GB,United Kingdom,Europe/London
SQZ,Scampton,GB,United Kingdom,Europe/London
SCS,Scatsta,GB,United Kingdom,Europe/London
ESH,Shoreham By Sea,GB,United Kingdom,Europe/London
SOU,Southampton,GB,United Kingdom,Europe/London
SEN,Southend,GB,United Kingdom,Europe/London
SYY,Stornoway,GB,United Kingdom,Europe/London
SOY,Stronsay,GB,United Kingdom,Europe/London
LSI,Sumburgh,GB,United Kingdom,Europe/London
SWS,Swansea,GB,United Kingdom,Europe/London
MME,Teesside,GB,United Kingdom,Europe/London
TRE,Tiree,GB,United Kingdom,Europe/London
UNT,Unst,GB,United Kingdom,Europe/London
WTN,Waddington,GB,United Kingdom,Europe/London
WRT,Warton,GB,United Kingdom,Europe/London
WRY,Westray,GB,United Kingdom,Europe/London
WIC,Wick,GB,United Kingdom,Europe/London
HYC,Wycombe,GB,United Kingdom,Europe/London
QUY,Wyton,GB,United Kingdom,Europe/London
YEO,Yeovilton,GB,United Kingdom,Europe/London
ABR,Aberdeen,US,United States,America/Chicago
APG,Aberdeen,US,United States,America/New_York
ABI,Abilene,US,United States,America/Chicago
DYS,Abilene,US,United States,America/Chicago
ADT,Ada,US,United States,America/Chicago
ADK,Adak Island,US,United States,America/Adak
ADS,Addison,US,United States,America/Chicago
AIK,Aiken,US,United States,America/New_York
AKK,Akhiok,US,United States,America/Anchorage
AKI,Akiak,US,United States,America/Anchorage
AKC,Akron,US,United States,America/New_York
AKO,Akron,US,United States,America/Denver
CAK,Akron,US,United States,America/New_York
KQA,Akutan,US,United States,America/Anchorage
AUK,Alakanuk,US,United States,America/Anchorage
NGZ,Alameda,US,United States,America/Los_Angeles
ALM,Alamogordo,US,United States,America/Denver
HMN,Alamogordo,US,United States,America/Denver
ALS,Alamosa,US,United States,America/Denver
ABY,Albany,US,United States,America/New_York
ALB,Albany,US,United States,America/New_York
ABQ,Albuquerque,US,United States,America/Denver
WKK,Aleknagik,US,United States,America/Anchorage
AEX,Alexandria,US,United States,America/Chicago
ESF,Alexandria,US,United States,America/Chicago
ALI,Alice,US,United States,America/Chicago
AET,Allakaket,US,United States,America/Anchorage
ABE,Allentown,US,United States,America/New_York
AIA,Alliance,US,United States,America/Denver
APN,Alpena,US,United States,America/New_York
AOO,Altoona,US,United States,America/New_York
LTS,Altus,US,United States,America/Chicago
AMA,Amarillo,US,United States,America/Chicago
ABL,Ambler,US,United States,America/Anchorage
AKP,Anaktuvuk Pass,US,United States,America/Anchorage
ANC,Anchorage,US,United States,America/Anchorage
EDF,Anchorage,US,United States,America/Anchorage
MRI,Anchorage,US,United States,America/Anchorage
AND,Andersen,US,United States,America/New_York
LJN,Angleton,US,United States,America/Chicago
ANQ,Angola,US,United States,America/New_York
AGN,Angoon,US,United States,America/Anchorage
ANI,Aniak,US,United States,America/Anchorage
ARB,Ann Arbor,US,United States,America/New_York
ANP,Annapolis,US,United States,America/New_York
ANN,Annette Island,US,United States,America/Anchorage
ANB,Anniston,US,United States,America/Chicago
ANV,Anvik,US,United States,America/Anchorage
AAF,Apalachicola,US,United States,America/New_York
ATW,Appleton,US,United States,America/Chicago
ACV,Arcata CA,US,United States,America/Los_Angeles
ARC,Arctic Village,US,United States,America/Anchorage
ADM,Ardmore,US,United States,America/Chicago
AVL,Asheville,US,United States,America/New_York
ASE,Aspen,US,United States,America/Denver
AST,Astoria,US,United States,America/Los_Angeles
AHN,Athens,US,United States,America/New_York
ATO,Athens,US,United States,America/New_York
MMI,Athens,US,United States,America/New_York
AKB,Atka,US,United States,America/Adak
ATL,Atlanta,US,United States,America/New_York
FTY,Atlanta,US,United States,America/New_York
PDK,Atlanta,US,United States,America/New_York
ACY,Atlantic City,US,United States,America/New_York
ATK,Atqasuk,US,United States,America/Anchorage
AUO,Auburn,US,United States,America/Chicago
AUG,Augusta,US,United States,America/New_York
DNL,Augusta,US,United States,America/New_York
AUS,Austin,US,United States,America/Chicago
AVO,Avon Park,US,United States,America/New_York
TRI,BRISTOL,US,United States,America/New_York
BGE,Bainbridge,US,United States,America/New_York
BFL,Bakersfield,US,United States,America/Los_Angeles
BWI,Baltimore,US,United States,America/New_York
MTN,Baltimore,US,United States,America/New_York
BGR,Bangor,US,United States,America/New_York
BHB,Bar Harbor,US,United States,America/New_York
BKH,Barking Sands,US,United States,Pacific/Honolulu
HYA,Barnstable,US,United States,America/New_York
BRW,Barrow,US,United States,America/Anchorage
BTI,Barter Island,US,United States,America/Anchorage
BOW,Bartow,US,United States,America/New_York
BTR,Baton Rouge,US,United States,America/Chicago
BDE,Baudette,US,United States,America/Chicago
BFT,Beaufort,US,United States,America/New_York
BMT,Beaumont,US,United States,America/Chicago
BPT,Beaumont,US,United States,America/Chicago
WBQ,Beaver,US,United States,America/Anchorage
BFP,Beaver Falls,US,United States,America/New_York
BKW,Beckley,US,United States,America/New_York
BED,Bedford,US,United States,America/New_York
BLV,Belleville,US,United States,America/Chicago
BLI,Bellingham,US,United States,America/Los_Angeles
BJI,Bemidji,US,United States,America/Chicago
XNA,Bentonville,US,United States,America/Chicago
BET,Bethel,US,United States,America/Anchorage
BTT,Bettles,US,United States,America/Anchorage
BVY,Beverly,US,United States,America/New_York
BMX,Big Mountain,US,United States,America/Anchorage
BIL,Billings,US,United States,America/Denver
BIX,Biloxi,US,United States,America/Chicago
BGM,Binghamton,US,United States,America/New_York
BHM,Birmingham,US,United States,America/Chicago
BIS,Bismarck,US,United States,America/Chicago
BID,Block Island,US,United States,America/New_York
BMG,Bloomington,US,United States,America/New_York
BMI,Bloomington,US,United States,America/Chicago
BLF,Bluefield,US,United States,America/New_York
BLH,Blythe,US,United States,America/Los_Angeles
BYH,Blytheville,US,United States,America/Chicago
BCT,Boca Raton,US,United States,America/New_York
BOI,Boise,US,United States,America/Denver
BOS,Boston,US,United States,America/New_York
WBU,Boulder,US,United States,America/Denver
BWG,Bowling Green,US,United States,America/Chicago
BZN,Bozeman,US,United States,America/Denver
BFD,Bradford,US,United States,America/New_York
BSF,Bradshaw Field,US,United States,Pacific/Honolulu
BRD,Brainerd,US,United States,America/Chicago
BKG,Branson,US,United States,America/Chicago
BKD,Breckenridge,US,United States,America/Chicago
PWT,Bremerton,US,United States,America/Los_Angeles
KTS,Brevig Mission,US,United States,America/Anchorage
BMC,Brigham City,US,United States,America/Denver
BJC,Broomfield-CO,US,United States,America/Denver
BRO,Brownsville,US,United States,America/Chicago
BQK,Brunswick,US,United States,America/New_York
SSI,Brunswick,US,United States,America/New_York
CFD,Bryan,US,United States,America/Chicago
BCE,Bryce Canyon,US,United States,America/Denver
BXK,Buckeye,US,United States,America/Phoenix
BKC,Buckland,US,United States,America/Anchorage
BFK,Buckley,US,United States,America/Denver
BUF,Buffalo,US,United States,America/New_York
BUR,Burbank,US,United States,America/Los_Angeles
BRL,Burlington,US,United States,America/Chicago
BTV,Burlington,US,United States,America/New_York
BNO,Burns,US,United States,America/Los_Angeles
AGS,Bush Field,US,United States,America/New_York
BTM,Butte,US,United States,America/Denver
CDW,Caldwell,US,United States,America/New_York
CXL,Calexico,US,United States,America/Los_Angeles
CDN,Camden,US,United States,America/New_York
VOK,Camp Douglas,US,United States,America/Chicago
ADW,Camp Springs,US,United States,America/New_York
CGI,Cape Girardeau,US,United States,America/Chicago
LUR,Cape Lisburne,US,United States,America/Anchorage
EHM,Cape Newenham,US,United States,America/Anchorage
CZF,Cape Romanzof,US,United States,America/Anchorage
CAR,Caribou,US,United States,America/New_York
CLD,Carlsbad,US,United States,America/Los_Angeles
CNM,Carlsbad,US,United States,America/Denver
CGZ,Casa Grande,US,United States,America/Phoenix
CPR,Casper,US,United States,America/Denver
AVX,Catalina Island,US,United States,America/Los_Angeles
CDC,Cedar City,US,United States,America/Denver
CID,Cedar Rapids,US,United States,America/Chicago
CEM,Central,US,United States,America/Anchorage
CDR,Chadron,US,United States,America/Denver
CIK,Chalkyitsik,US,United States,America/Anchorage
CMI,Champaign,US,United States,America/Chicago
CHS,Charleston,US,United States,America/New_York
CRW,Charleston,US,United States,America/New_York
CLT,Charlotte,US,United States,America/New_York
CHO,Charlottesville VA,US,United States,America/New_York
CHA,Chattanooga,US,United States,America/New_York
CYF,Chefornak,US,United States,America/Anchorage
CLS,Chehalis,US,United States,America/Los_Angeles
NCN,Chenega,US,United States,America/Anchorage
HCW,Cheraw,US,United States,America/New_York
VAK,Chevak,US,United States,America/Anchorage
CYS,Cheyenne,US,United States,America/Denver
CGX,Chicago,US,United States,America/Chicago
MDW,Chicago,US,United States,America/Chicago
ORD,Chicago,US,United States,America/Chicago
UGN,Chicago,US,United States,America/Chicago
PWK,Chicago-Wheeling,US,United States,America/Chicago
CIC,Chico,US,United States,America/Los_Angeles
CEF,Chicopee Falls,US,United States,America/New_York
CDS,Childress,US,United States,America/Chicago
CHU,Chuathbaluk,US,United States,America/Anchorage
CVG,Cincinnati,US,United States,America/New_York
LUK,Cincinnati,US,United States,America/New_York
IRC,Circle,US,United States,America/Anchorage
CKB,Clarksburg,US,United States,America/New_York
CKV,Clarksville,US,United States,America/Chicago
CLW,Clearwater,US,United States,America/New_York
CEU,Clemson,US,United States,America/New_York
BKL,Cleveland,US,United States,America/New_York
CLE,Cleveland,US,United States,America/New_York
HDI,Cleveland,US,United States,America/New_York
CSM,Clinton,US,United States,America/Chicago
CWI,Clinton,US,United States,America/Chicago
CVN,Clovis,US,United States,America/Denver
CVS,Clovis,US,United States,America/Denver
CTH,Coatesville,US,United States,America/New_York
COF,Coco Beach,US,United States,America/New_York
COD,Cody,US,United States,America/Denver
COE,Coeur d'Alene,US,United States,America/Los_Angeles
CDB,Cold Bay,US,United States,America/Anchorage
PML,Cold Bay,US,United States,America/Anchorage
CLL,College Station,US,United States,America/Chicago
CBM,Colombus,US,United States,America/Chicago
COS,Colorado Springs,US,United States,America/Denver
CAE,Columbia,US,United States,America/New_York
COU,Columbia,US,United States,America/Chicago
CMH,Columbus,US,United States,America/New_York
CSG,Columbus,US,United States,America/New_York
LCK,Columbus,US,United States,America/New_York
OSU,Columbus,US,United States,America/New_York
TZR,Columbus,US,United States,Europe/Budapest
GTR,Columbus Mississippi,US,United States,America/Chicago
CCR,Concord,US,United States,America/Los_Angeles
USA,Concord,US,United States,America/New_York
CON,Concord NH,US,United States,America/New_York
CXO,Conroe,US,United States,America/Chicago
CDV,Cordova,US,United States,America/Anchorage
CRP,Corpus Christi,US,United States,America/Chicago
CEZ,Cortez,US,United States,America/Denver
CVO,Corvallis,US,United States,America/Los_Angeles
COT,Cotulla,US,United States,America/Chicago
CEC,Crescent City,US,United States,America/Los_Angeles
CEW,Crestview,US,United States,America/Chicago
CTY,Cross City,US,United States,America/New_York
CBE,Cumberland,US,United States,America/New_York
CUH,Cushing,US,United States,America/Chicago
CTB,Cutbank,US,United States,America/Denver
DHT,Dalhart,US,United States,America/Chicago
DAL,Dallas,US,United States,America/Chicago
FWH,Dallas,US,United States,America/Chicago
RBD,Dallas,US,United States,America/Chicago
DFW,Dallas-Fort Worth,US,United States,America/Chicago
DNN,Dalton,US,United States,America/New_York
DXR,Danbury,US,United States,America/New_York
DAN,Danville,US,United States,America/New_York
DNV,Danville,US,United States,America/Chicago
DAY,Dayton,US,United States,America/New_York
FFO,Dayton,US,United States,America/New_York
MGY,Dayton,US,United States,America/New_York
DAB,Daytona Beach,US,United States,America/New_York
SCC,Deadhorse,US,United States,America/Anchorage
DEC,Decatur,US,United States,America/Chicago
DRG,Deering,US,United States,America/Anchorage
DLF,Del Rio,US,United States,America/Chicago
DRT,Del Rio,US,United States,America/Chicago
DTA,Delta,US,United States,America/Denver
BIG,Delta Junction,US,United States,America/Anchorage
APA,Denver,US,United States,America/Denver
DEN,Denver,US,United States,America/Denver
DRI,Deridder,US,United States,America/Chicago
DSM,Des Moines,US,United States,America/Chicago
DSI,Destin,US,United States,America/Chicago
DET,Detroit,US,United States,America/New_York
DTW,Detroit,US,United States,America/New_York
YIP,Detroit,US,United States,America/New_York
DVL,Devils Lake,US,United States,America/Chicago
DIK,Dickinson,US,United States,America/Denver
DLG,Dillingham,US,United States,America/Anchorage
HDH,Dillingham,US,United States,Pacific/Honolulu
DDC,Dodge City,US,United States,America/Chicago
DHN,Dothan,US,United States,America/Chicago
DGL,Douglas,US,United States,America/Phoenix
DUG,Douglas,US,United States,America/Phoenix
DOV,Dover,US,United States,America/New_York
DYL,Doylestown,US,United States,America/New_York
DRE,Drummond Island,US,United States,America/New_York
DUJ,Du Bois,US,United States,America/New_York
DBN,Dublin,US,United States,America/New_York
DBQ,Dubuque IA,US,United States,America/Chicago
DLH,Duluth,US,United States,America/Chicago
DUC,Duncan,US,United States,America/Chicago
DKK,Dunkirk,US,United States,America/New_York
DRO,Durango,US,United States,America/Denver
EAA,Eagle,US,United States,America/Anchorage
EGV,Eagle River,US,United States,America/Chicago
ECA,East Tawas,US,United States,America/New_York
ESN,Easton,US,United States,America/New_York
ESD,Eastsound,US,United States,America/Los_Angeles
EAU,Eau Claire,US,United States,America/Chicago
FCM,Eden Prairie,US,United States,America/Chicago
EDW,Edwards Afb,US,United States,America/Los_Angeles
EEK,Eek,US,United States,America/Anchorage
EGX,Egegik,US,United States,America/Anchorage
SEE,El Cajon,US,United States,America/Los_Angeles
NJK,El Centro,US,United States,America/Los_Angeles
ELD,El Dorado,US,United States,America/Chicago
BIF,El Paso,US,United States,America/Denver
ELP,El Paso,US,United States,America/Denver
ELV,Elfin Cove,US,United States,America/Anchorage
ELI,Elim,US,United States,America/Anchorage
ECG,Elizabeth City,US,United States,America/New_York
EKN,Elkins,US,United States,America/New_York
EKO,Elko,US,United States,America/Los_Angeles
ELM,Elmira,US,United States,America/New_York
ELY,Ely,US,United States,America/Los_Angeles
LYU,Ely,US,United States,America/Chicago
EMK,Emmonak,US,United States,America/Anchorage
END,Enid,US,United States,America/Chicago
ERI,Erie,US,United States,America/New_York
ESC,Escanaba,US,United States,America/New_York
EUF,Eufala,US,United States,America/Chicago
EUG,Eugene,US,United States,America/Los_Angeles
EVW,Evanston,US,United States,America/Denver
EVV,Evansville,US,United States,America/Chicago
PAE,Everett,US,United States,America/Los_Angeles
EIL,Fairbanks,US,United States,America/Anchorage
FAI,Fairbanks,US,United States,America/Anchorage
SUU,Fairfield,US,United States,America/Los_Angeles
NFL,Fallon,US,United States,America/Los_Angeles
FMH,Falmouth,US,United States,America/New_York
KFP,False Pass,US,United States,America/Anchorage
FAR,Fargo,US,United States,America/Chicago
FRG,Farmingdale,US,United States,America/New_York
FMN,Farmington,US,United States,America/Denver
FAY,Fayetteville,US,United States,America/New_York
FYV,Fayetteville,US,United States,America/Chicago
FDY,Findley,US,United States,America/New_York
FLG,Flagstaff,US,United States,America/Phoenix
FNT,Flint,US,United States,America/New_York
FLO,Florence,US,United States,America/New_York
FLD,Fond du Lac,US,United States,America/Chicago
LSF,Fort Benning,US,United States,America/New_York
POB,Fort Bragg,US,United States,America/New_York
FBR,Fort Bridger,US,United States,America/Denver
FCS,Fort Carson,US,United States,America/Denver
FNL,Fort Collins,US,United States,America/Denver
FOD,Fort Dodge,US,United States,America/Chicago
FAF,Fort Eustis,US,United States,America/New_York
HLR,Fort Hood,US,United States,America/Chicago
FHU,Fort Huachuca,US,United States,America/Phoenix
BYS,Fort Irwin,US,United States,America/Los_Angeles
FTK,Fort Knox,US,United States,America/New_York
FLL,Fort Lauderdale,US,United States,America/New_York
FXE,Fort Lauderdale,US,United States,America/New_York
FLV,Fort Leavenworth,US,United States,America/Chicago
TBN,Fort Leonardwood,US,United States,America/Chicago
GRF,Fort Lewis,US,United States,America/Los_Angeles
FME,Fort Meade,US,United States,America/New_York
FMY,Fort Myers,US,United States,America/New_York
RSW,Fort Myers,US,United States,America/New_York
OAR,Fort Ord,US,United States,America/Los_Angeles
FPR,Fort Pierce,US,United States,America/New_York
POE,Fort Polk,US,United States,America/Chicago
FRN,Fort Richardson,US,United States,America/Anchorage
FRI,Fort Riley,US,United States,America/Chicago
FSI,Fort Sill,US,United States,America/Chicago
FSM,Fort Smith,US,United States,America/Chicago
FST,Fort Stockton,US,United States,America/Chicago
FBK,Fort Wainwright,US,United States,America/Anchorage
FWA,Fort Wayne,US,United States,America/New_York
SMD,Fort Wayne IN,US,United States,America/New_York
AFW,Fort Worth,US,United States,America/Chicago
FTW,Fort Worth,US,United States,America/Chicago
FYU,Fort Yukon,US,United States,America/Anchorage
FFT,Frankfort,US,United States,America/New_York
FKL,Franklin,US,United States,America/New_York
FBG,Fredericksburg,US,United States,America/New_York
WFK,Frenchville,US,United States,America/New_York
FAT,Fresno,US,United States,America/Los_Angeles
FRD,Friday Harbor,US,United States,America/Los_Angeles
FRY,Fryeburg,US,United States,America/New_York
FUL,Fullerton,US,United States,America/Los_Angeles
FNR,Funter Bay,US,United States,America/Anchorage
GAD,Gadsden,US,United States,America/Chicago
GNV,Gainesville,US,United States,America/New_York
GVL,Gainesville,US,United States,America/New_York
GAI,Gaithersburg,US,United States,America/New_York
GAL,Galena,US,United States,America/Anchorage
GQQ,Galion,US,United States,America/New_York
GUP,Gallup,US,United States,America/Denver
GLS,Galveston,US,United States,America/Chicago
GAM,Gambell,US,United States,America/Anchorage
GCK,Garden City,US,United States,America/Chicago
GYY,Gary,US,United States,America/Chicago
GED,Georgetown,US,United States,America/New_York
GGE,Georgetown,US,United States,America/New_York
GCC,Gillette,US,United States,America/Denver
GDW,Gladwin,US,United States,America/New_York
GGW,Glasgow,US,United States,America/Denver
GDV,Glendive,US,United States,America/Denver
GSB,Goldsboro,US,United States,America/New_York
GLV,Golovin,US,United States,America/Anchorage
GLD,Goodland,US,United States,America/Denver
GYR,Goodyear,US,United States,America/Phoenix
GCN,Grand Canyon,US,United States,America/Phoenix
GFK,Grand Forks,US,United States,America/Chicago
GRI,Grand Island,US,United States,America/Chicago
GJT,Grand Junction,US,United States,America/Denver
GRM,Grand Marais,US,United States,America/Chicago
GRR,Grand Rapids,US,United States,America/New_York
GPZ,Grand Rapids MN,US,United States,America/Chicago
MWH,Grant County Airport,US,United States,America/Los_Angeles
GNT,Grants,US,United States,America/Denver
GBD,Great Bend,US,United States,America/Chicago
GTF,Great Falls,US,United States,America/Denver
GRB,Green Bay,US,United States,America/Chicago
GSO,Greensboro,US,United States,America/New_York
GVT,Greenvile,US,United States,America/Chicago
GLH,Greenville,US,United States,America/Chicago
GSP,Greenville,US,United States,America/New_York
PGV,Greenville,US,United States,America/New_York
GWO,Greenwood,US,United States,America/Chicago
GON,Groton CT,US,United States,America/New_York
GUF,Gulf Shores,US,United States,America/Chicago
GPT,Gulfport,US,United States,America/Chicago
GKN,Gulkana,US,United States,America/Anchorage
GUC,Gunnison,US,United States,America/Denver
GST,Gustavus,US,United States,America/Anchorage
MQT,Gwinn,US,United States,America/New_York
HGR,Hagerstown,US,United States,America/New_York
SUN,Hailey,US,United States,America/Denver
HNS,Haines,US,United States,America/Anchorage
HAO,Hamilton,US,United States,America/New_York
LFI,Hampton,US,United States,America/New_York
HNM,Hana,US,United States,Pacific/Honolulu
CMX,Hancock,US,United States,America/New_York
HRL,Harlingen,US,United States,America/Chicago
HAR,Harrisburg,US,United States,America/New_York
MDT,Harrisburg,US,United States,America/New_York
HRO,Harrison,US,United States,America/Chicago
HFD,Hartford,US,United States,America/New_York
HBG,Hattiesburg,US,United States,America/Chicago
PIB,Hattiesburg/Laurel,US,United States,America/Chicago
HVR,Havre,US,United States,America/Denver
HHR,Hawthorne,US,United States,America/Los_Angeles
HDN,Hayden,US,United States,America/Denver
HYS,Hays,US,United States,America/Chicago
HWD,Hayward,US,United States,America/Los_Angeles
HZL,Hazleton,US,United States,America/New_York
HLN,Helena,US,United States,America/Denver
HSH,Henderson,US,United States,America/Los_Angeles
HIB,Hibbing,US,United States,America/Chicago
HKY,Hickory,US,United States,America/New_York
HIO,Hillsboro,US,United States,America/Los_Angeles
ITO,Hilo,US,United States,Pacific/Honolulu
HHH,Hilton Head Island,US,United States,America/New_York
HBR,Hobart,US,United States,America/Chicago
HOB,Hobbs,US,United States,America/Denver
HWO,Hollywood,US,United States,America/New_York
HCR,Holy Cross,US,United States,America/Anchorage
HOM,Homer,US,United States,America/Anchorage
HST,Homestead,US,United States,America/New_York
HNL,Honolulu,US,United States,Pacific/Honolulu
HNH,Hoonah,US,United States,America/Anchorage
HPB,Hooper Bay,US,United States,America/Anchorage
HOP,Hopkinsville,US,United States,America/Chicago
HQM,Hoquiam,US,United States,America/Los_Angeles
HOT,Hot Springs,US,United States,America/Chicago
HTL,Houghton Lake,US,United States,America/New_York
HUL,Houlton,US,United States,America/New_York
AAP,Houston,US,United States,America/Chicago
DWH,Houston,US,United States,America/Chicago
EFD,Houston,US,United States,America/Chicago
HOU,Houston,US,United States,America/Chicago
IAH,Houston,US,United States,America/Chicago
IWS,Houston,US,United States,America/Chicago
HUS,Hughes,US,United States,America/Anchorage
SVN,Hunter Aaf,US,United States,America/New_York
HTS,Huntington,US,United States,America/New_York
HSV,Huntsville,US,United States,America/Chicago
HON,Huron,US,United States,America/Chicago
HSL,Huslia,US,United States,America/Anchorage
HUT,Hutchinson,US,United States,America/Chicago
HYG,Hydaburg,US,United States,America/Anchorage
IDA,Idaho Falls,US,United States,America/Denver
IGG,Igiugig,US,United States,America/Anchorage
ILI,Iliamna,US,United States,America/Anchorage
IMM,Immokalee,US,United States,America/New_York
IPL,Imperial,US,United States,America/Los_Angeles
UTO,Indian Mountains,US,United States,America/Anchorage
INS,Indian Springs,US,United States,America/Los_Angeles
IND,Indianapolis,US,United States,America/New_York
INL,International Falls,US,United States,America/Chicago
IYK,Inyokern,US,United States,America/Los_Angeles
IOW,Iowa City,US,United States,America/Chicago
IRB,Iraan,US,United States,America/Chicago
IMT,Iron Mountain,US,United States,America/Chicago
ISP,Islip,US,United States,America/New_York
ITH,Ithaca,US,United States,America/New_York
JAC,Jacksn Hole,US,United States,America/Denver
JAN,Jackson,US,United States,America/Chicago
JXN,Jackson,US,United States,America/New_York
MKL,Jackson,US,United States,America/Chicago
JAX,Jacksonville,US,United States,America/New_York
LRF,Jacksonville,US,United States,America/Chicago
NIP,Jacksonville,US,United States,America/New_York
VQQ,Jacksonville,US,United States,America/New_York
OAJ,Jacksonville NC,US,United States,America/New_York
JHW,Jamestown,US,United States,America/New_York
JMS,Jamestown,US,United States,America/Chicago
JVL,Janesville,US,United States,America/Chicago
JEF,Jefferson City,US,United States,America/Chicago
JST,Johnstown,US,United States,America/New_York
JOT,Joliet,US,United States,America/Chicago
JBR,Jonesboro,US,United States,America/Chicago
JLN,Joplin,US,United States,America/Chicago
JNU,Juneau,US,United States,America/Anchorage
OGG,Kahului,US,United States,Pacific/Honolulu
AIZ,Kaiser Lake Ozark,US,United States,America/Chicago
AZO,Kalamazoo,US,United States,America/New_York
FCA,Kalispell,US,United States,America/Denver
KLG,Kalskag,US,United States,America/Anchorage
KAL,Kaltag,US,United States,America/Anchorage
MUE,Kamuela,US,United States,Pacific/Honolulu
NGF,Kaneohe Bay,US,United States,Pacific/Honolulu
IKK,Kankakee,US,United States,America/Chicago
MCI,Kansas City,US,United States,America/Chicago
MKC,Kansas City,US,United States,America/Chicago
JRF,Kapolei,US,United States,Pacific/Honolulu
KYK,Karluk,US,United States,America/Anchorage
KUK,Kasigluk,US,United States,America/Anchorage
EEN,Keene,US,United States,America/New_York
KLS,Kelso,US,United States,America/Los_Angeles
ENA,Kenai,US,United States,America/Anchorage
TMB,Kendall-tamiami,US,United States,America/New_York
ENW,Kenosha,US,United States,America/Chicago
EOK,Keokuk,US,United States,America/Chicago
ERV,Kerrville,US,United States,America/Chicago
KTN,Ketchikan,US,United States,America/Anchorage
EYW,Key West,US,United States,America/New_York
NQX,Key West,US,United States,America/New_York
IAN,Kiana,US,United States,America/Anchorage
FFA,Kill Devil Hills,US,United States,America/New_York
GRK,Killeen,US,United States,America/Chicago
KVC,King Cove,US,United States,America/Anchorage
AKN,King Salmon,US,United States,America/Anchorage
NQI,Kingsville,US,United States,America/Chicago
ISO,Kinston,US,United States,America/New_York
KPN,Kipnuk,US,United States,America/Anchorage
IRK,Kirksville,US,United States,America/Chicago
ISM,Kissimmee,US,United States,America/New_York
KVL,Kivalina,US,United States,America/Anchorage
LMT,Klamath Falls,US,United States,America/Los_Angeles
KLW,Klawock,US,United States,America/Anchorage
SZL,Knobnoster,US,United States,America/Chicago
TYS,Knoxville,US,United States,America/New_York
OBU,Kobuk,US,United States,America/Anchorage
ADQ,Kodiak,US,United States,America/Anchorage
KGK,Koliganek,US,United States,America/Anchorage
KOA,Kona,US,United States,Pacific/Honolulu
KKH,Kongiganak,US,United States,America/Anchorage
KOT,Kotlik,US,United States,America/Anchorage
OTZ,Kotzebue,US,United States,America/Anchorage
KKA,Koyuk,US,United States,America/Anchorage
KYU,Koyukuk,US,United States,America/Anchorage
UUK,Kuparuk,US,United States,America/Anchorage
KWT,Kwethluk,US,United States,America/Anchorage
KWK,Kwigillingok,US,United States,America/Anchorage
LSE,La Crosse,US,United States,America/Chicago
POC,La Verne,US,United States,America/Los_Angeles
LGC,LaGrange,US,United States,America/New_York
LAF,Lafayette,US,United States,America/New_York
LFT,Lafayette,US,United States,America/Chicago
JHM,Lahania-kapalua,US,United States,Pacific/Honolulu
LCH,Lake Charles,US,United States,America/Chicago
LCQ,Lake City,US,United States,America/New_York
HII,Lake Havasu City,US,United States,America/Phoenix
LMA,Lake Minchumina,US,United States,America/Anchorage
LKP,Lake Placid,US,United States,America/New_York
NEL,Lakehurst,US,United States,America/New_York
LAL,Lakeland,US,United States,America/New_York
LKV,Lakeview,US,United States,America/Los_Angeles
LAA,Lamar,US,United States,America/Denver
LNY,Lanai,US,United States,Pacific/Honolulu
LNS,Lancaster,US,United States,America/New_York
LAN,Lansing,US,United States,America/New_York
LAR,Laramie,US,United States,America/Denver
LRD,Laredo,US,United States,America/Chicago
KLN,Larsen Bay,US,United States,America/Anchorage
LRU,Las Cruces,US,United States,America/Denver
LAS,Las Vegas,US,United States,America/Los_Angeles
LSV,Las Vegas,US,United States,America/Los_Angeles
LVS,Las Vegas,US,United States,America/Denver
VGT,Las Vegas,US,United States,America/Los_Angeles
LBE,Latrobe,US,United States,America/New_York
LWC,Lawrence,US,United States,America/Chicago
LWM,Lawrence,US,United States,America/New_York
LZU,Lawrenceville,US,United States,America/New_York
LAW,Lawton,US,United States,America/Chicago
LEB,Lebanon,US,United States,America/New_York
NLC,Lemoore,US,United States,America/Los_Angeles
LWB,Lewisburg,US,United States,America/New_York
LEW,Lewiston,US,United States,America/New_York
LWS,Lewiston,US,United States,America/Los_Angeles
LWT,Lewistown,US,United States,America/Denver
LEX,Lexington KY,US,United States,America/New_York
LBL,Liberal,US,United States,America/Chicago
LIH,Lihue,US,United States,Pacific/Honolulu
AOH,Lima,US,United States,America/New_York
LNK,Lincoln,US,United States,America/Chicago
LDJ,Linden,US,United States,America/New_York
LIT,Little Rock,US,United States,America/Chicago
LVK,Livermore,US,United States,America/Los_Angeles
LVM,Livingston-Montana,US,United States,America/Denver
LHV,Lock Haven,US,United States,America/New_York
LOT,Lockport,US,United States,America/Chicago
LGU,Logan,US,United States,America/Denver
LPC,Lompoc,US,United States,America/Los_Angeles
VBG,Lompoc,US,United States,America/Los_Angeles
LOZ,London,US,United States,America/New_York
LNR,Lone Rock,US,United States,America/Chicago
LGB,Long Beach,US,United States,America/Los_Angeles
GGG,Longview,US,United States,America/Chicago
LPS,Lopez,US,United States,America/Los_Angeles
LAM,Los Alamos,US,United States,America/Denver
LAX,Los Angeles,US,United States,America/Los_Angeles
WHP,Los Angeles,US,United States,America/Los_Angeles
ARA,Louisiana,US,United States,America/Chicago
LOU,Louisville,US,United States,America/New_York
SDF,Louisville,US,United States,America/New_York
LBB,Lubbock,US,United States,America/Chicago
LFK,Lufkin,US,United States,America/Chicago
LBT,Lumberton,US,United States,America/New_York
LYH,Lynchburg,US,United States,America/New_York
MGM,MONTGOMERY,US,United States,America/Chicago
MCN,Macon,US,United States,America/New_York
MNM,Macon,US,United States,America/Chicago
WRB,Macon,US,United States,America/New_York
MAE,Madera,US,United States,America/Los_Angeles
MSN,Madison,US,United States,America/Chicago
MMH,Mammoth Lakes,US,United States,America/Los_Angeles
MNZ,Manassas,US,United States,America/New_York
MHT,Manchester NH,US,United States,America/New_York
MHK,Manhattan,US,United States,America/Chicago
MBL,Manistee,US,United States,America/New_York
MLY,Manley Hot Springs,US,United States,America/Anchorage
KMO,Manokotak,US,United States,America/Anchorage
MFD,Mansfield,US,United States,America/New_York
MEO,Manteo,US,United States,America/New_York
MZJ,Marana,US,United States,America/Phoenix
MTH,Marathon,US,United States,America/New_York
MRK,Marco Island Airport,US,United States,America/New_York
MGE,Marietta,US,United States,America/New_York
MWA,Marion,US,United States,America/Chicago
RMY,Mariposa,US,United States,America/Los_Angeles
MLL,Marshall,US,United States,America/Anchorage
MFI,Marshfield,US,United States,America/Chicago
MRB,Martinsburg,US,United States,America/New_York
BAB,Marysville,US,United States,America/Los_Angeles
MCW,Mason City,US,United States,America/Chicago
MSS,Massena,US,United States,America/New_York
MYL,McCall,US,United States,America/Denver
MCK,McCook,US,United States,America/Chicago
MCL,McKinley Park,US,United States,America/Anchorage
MLC,Mcalester,US,United States,America/Chicago
MFE,Mcallen,US,United States,America/Chicago
MCG,Mcgrath,US,United States,America/Anchorage
MFR,Medford,US,United States,America/Los_Angeles
MYU,Mekoryuk,US,United States,America/Anchorage
MLB,Melbourne,US,United States,America/New_York
MEM,Memphis,US,United States,America/Chicago
MCE,Merced,US,United States,America/Los_Angeles
MER,Merced,US,United States,America/Los_Angeles
MEI,Meridian,US,United States,America/Chicago
AZA,Mesa,US,United States,America/Phoenix
MSC,Mesa,US,United States,America/Phoenix
MTM,Metakatla,US,United States,America/Anchorage
MIA,Miami,US,United States,America/New_York
OPF,Miami,US,United States,America/New_York
TNT,Miami,US,United States,America/New_York
MGC,Michigan City,US,United States,America/Chicago
MAF,Midland,US,United States,America/Chicago
MLS,Miles City,US,United States,America/Denver
NQA,Millington,US,United States,America/Chicago
MIV,Millville,US,United States,America/New_York
NSE,Milton,US,United States,America/Chicago
MKE,Milwaukee,US,United States,America/Chicago
MWC,Milwaukee,US,United States,America/Chicago
MWL,Mineral Wells,US,United States,America/Chicago
MSP,Minneapolis,US,United States,America/Chicago
ARV,Minocqua - Woodruff,US,United States,America/Chicago
MIB,Minot,US,United States,America/Chicago
MOT,Minot,US,United States,America/Chicago
NKX,Miramar,US,United States,America/Los_Angeles
MSO,Missoula,US,United States,America/Denver
CNY,Moab,US,United States,America/Denver
BFM,Mobile,US,United States,America/Chicago
MOB,Mobile,US,United States,America/Chicago
MOD,Modesto,US,United States,America/Los_Angeles
MHV,Mojave,US,United States,America/Los_Angeles
MLI,Moline,US,United States,America/Chicago
LUP,Molokai,US,United States,Pacific/Honolulu
MKK,Molokai,US,United States,Pacific/Honolulu
MLU,Monroe,US,United States,America/Chicago
MRY,Monterey,US,United States,America/Los_Angeles
MGJ,Montgomery,US,United States,America/New_York
MXF,Montgomery,US,United States,America/Chicago
MPV,Montpelier,US,United States,America/New_York
MTJ,Montrose CO,US,United States,America/Denver
GMV,Monument Valley,US,United States,America/Denver
MRN,Morganton,US,United States,America/New_York
MGW,Morgantown,US,United States,America/New_York
MMU,Morristown,US,United States,America/New_York
MVL,Morrisville,US,United States,America/New_York
MTC,Mount Clemens,US,United States,America/New_York
LLY,Mount Holly,US,United States,America/New_York
MUO,Mountain Home,US,United States,America/Denver
NUQ,Mountain View,US,United States,America/Los_Angeles
MOU,Mountain Village,US,United States,America/Anchorage
MUI,Muir,US,United States,America/New_York
MIE,Muncie,US,United States,America/New_York
RBK,Murrieta-Temecula,US,United States,America/Los_Angeles
MSL,Muscle Shoals,US,United States,America/Chicago
MKG,Muskegon,US,United States,America/New_York
MYR,Myrtle Beach,US,United States,America/New_York
ACK,Nantucket,US,United States,America/New_York
APC,Napa,US,United States,America/Los_Angeles
WNA,Napakiak,US,United States,America/Anchorage
PKA,Napaskiak,US,United States,America/Anchorage
APF,Naples,US,United States,America/New_York
ASH,Nashua,US,United States,America/New_York
BNA,Nashville,US,United States,America/Chicago
NLG,Nelson Lagoon,US,United States,America/Anchorage
EWB,New Bedford,US,United States,America/New_York
EWN,New Bern,US,United States,America/New_York
HVN,New Haven,US,United States,America/New_York
MSY,New Orleans,US,United States,America/Chicago
NBG,New Orleans,US,United States,America/Chicago
NEW,New Orleans,US,United States,America/Chicago
PHD,New Philadelpha,US,United States,America/New_York
KNW,New Stuyahok,US,United States,America/Anchorage
JFK,New York,US,United States,America/New_York
JRA,New York,US,United States,America/New_York
JRB,New York,US,United States,America/New_York
LGA,New York,US,United States,America/New_York
EWR,Newark,US,United States,America/New_York
SWF,Newburgh,US,United States,America/New_York
ONP,Newport,US,United States,America/Los_Angeles
PHF,Newport News,US,United States,America/New_York
EWK,Newton,US,United States,America/Chicago
IAG,Niagara Falls,US,United States,America/New_York
NME,Nightmute,US,United States,America/Anchorage
NIB,Nikolai,US,United States,America/Anchorage
IKO,Nikolski,US,United States,America/Anchorage
WTK,Noatak,US,United States,America/Anchorage
OLS,Nogales,US,United States,America/Phoenix
OME,Nome,US,United States,America/Anchorage
NNL,Nondalton,US,United States,America/Anchorage
ORV,Noorvik,US,United States,America/Anchorage
NGU,Norfolk,US,United States,America/New_York
ORF,Norfolk,US,United States,America/New_York
OTH,North Bend,US,United States,America/Los_Angeles
NCO,North Kingstown,US,United States,America/New_York
CRE,North Myrtle Beach,US,United States,America/New_York
LBF,North Platte,US,United States,America/Chicago
IKB,North Wilkesboro,US,United States,America/New_York
ORT,Northway,US,United States,America/Anchorage
OWD,Norwood,US,United States,America/New_York
NOT,Novato,US,United States,America/Los_Angeles
NUI,Nuiqsut,US,United States,America/Anchorage
NUL,Nulato,US,United States,America/Anchorage
SUS,Null,US,United States,America/Chicago
OAK,Oakland,US,United States,America/Los_Angeles
OCF,Ocala,US,United States,America/New_York
OCA,Ocean Reef Club Airport,US,United States,America/New_York
NTU,Oceana,US,United States,America/New_York
HIF,Ogden,US,United States,America/Denver
OGD,Ogden,US,United States,America/Denver
OGS,Ogdensburg,US,United States,America/New_York
OBE,Okeechobee,US,United States,America/New_York
OKC,Oklahoma City,US,United States,America/Chicago
PWA,Oklahoma City,US,United States,America/Chicago
TIK,Oklahoma City,US,United States,America/Chicago
OKM,Okmulgee,US,United States,America/Chicago
JCI,Olathe,US,United States,America/Chicago
OJC,Olathe,US,United States,America/Chicago
OLV,Olive Branch,US,United States,America/Chicago
OLM,Olympia,US,United States,America/Los_Angeles
OFF,Omaha,US,United States,America/Chicago
OMA,Omaha,US,United States,America/Chicago
ONO,Ontario,US,United States,America/Denver
ONT,Ontario,US,United States,America/Los_Angeles
UPP,Opolu,US,United States,Pacific/Honolulu
MCO,Orlando,US,United States,America/New_York
ORL,Orlando,US,United States,America/New_York
OSC,Oscoda,US,United States,America/New_York
OSH,Oshkosh,US,United States,America/Chicago
OWB,Owensboro,US,United States,America/Chicago
OXC,Oxford,US,United States,America/New_York
OXR,Oxnard,US,United States,America/Los_Angeles
OZA,Ozona,US,United States,America/Chicago
PAH,PADUCAH,US,United States,America/Chicago
PKB,PARKERSBURG,US,United States,America/New_York
PGA,Page,US,United States,America/Phoenix
PHK,Pahokee,US,United States,America/New_York
PSX,Palacios,US,United States,America/Chicago
PSP,Palm Springs,US,United States,America/Los_Angeles
TRM,Palm Springs,US,United States,America/Los_Angeles
UDD,Palm Springs,US,United States,America/Los_Angeles
PMD,Palmdale,US,United States,America/Los_Angeles
PAQ,Palmer,US,United States,America/Anchorage
PAO,Palo Alto,US,United States,America/Los_Angeles
ECP,Panama City,US,United States,America/Chicago
PAM,Panama City,US,United States,America/Chicago
PFN,Panama City,US,United States,America/Chicago
PSC,Pasco,US,United States,America/Los_Angeles
NHK,Patuxent River,US,United States,America/New_York
PEQ,Pecos,US,United States,America/Chicago
PLN,Pellston,US,United States,America/New_York
PMB,Pembina,US,United States,America/Chicago
PDT,Pendleton,US,United States,America/Los_Angeles
NPA,Pensacola,US,United States,America/Chicago
PNS,Pensacola,US,United States,America/Chicago
PIA,Peoria,US,United States,America/Chicago
KPV,Perryville,US,United States,America/Anchorage
GUS,Peru,US,United States,America/New_York
VYS,Peru,US,United States,America/Chicago
PSG,Petersburg,US,United States,America/Anchorage
PTB,Petersburg,US,United States,America/New_York
BBX,Philadelphia,US,United States,America/New_York
PHL,Philadelphia,US,United States,America/New_York
PNE,Philadelphia,US,United States,America/New_York
DVT,Phoenix,US,United States,America/Phoenix
LUF,Phoenix,US,United States,America/Phoenix
PHX,Phoenix,US,United States,America/Phoenix
PIR,Pierre,US,United States,America/Chicago
PVL,Pikeville,US,United States,America/New_York
PIP,Pilot Point,US,United States,America/Anchorage
PBF,Pine Bluff,US,United States,America/Chicago
PIM,Pine Mountain,US,United States,America/New_York
SOP,Pinehurst-Southern Pines,US,United States,America/New_York
AGC,Pittsburgh,US,United States,America/New_York
PIT,Pittsburgh,US,United States,America/New_York
PBG,Plattsburgh,US,United States,America/New_York
PYM,Plymouth,US,United States,America/New_York
PIH,Pocatello,US,United States,America/Denver
STG,Point Barrow,US,United States,America/Anchorage
PIZ,Point Lay,US,United States,America/Anchorage
NTD,Point Mugu,US,United States,America/Los_Angeles
PPM,Pompano Beach,US,United States,America/New_York
PNC,Ponca City,US,United States,America/Chicago
PTK,Pontiac,US,United States,America/New_York
POF,Poplar Bluff,US,United States,America/Chicago
CLM,Port Angeles,US,United States,America/Los_Angeles
KPC,Port Clarence,US,United States,America/Anchorage
PTH,Port Heiden,US,United States,America/Anchorage
PHN,Port Huron,US,United States,America/New_York
PTU,Port Moller,US,United States,America/Anchorage
PTA,Port alsworth,US,United States,America/Anchorage
PDX,Portland,US,United States,America/Los_Angeles
PWM,Portland,US,United States,America/New_York
PSM,Portsmouth,US,United States,America/New_York
PRC,Prescott,US,United States,America/Phoenix
PQI,Presque Isle,US,United States,America/New_York
PUC,Price,US,United States,America/Denver
PRZ,Prineville,US,United States,America/Los_Angeles
PPC,Prospect Creek,US,United States,America/Anchorage
PVD,Providence,US,United States,America/New_York
PVC,Provincetown,US,United States,America/New_York
PVU,Provo,US,United States,America/Denver
PUB,Pueblo,US,United States,America/Denver
PUW,Pullman,US,United States,America/Los_Angeles
PGD,Punta Gorda,US,United States,America/New_York
GFL,Queensbury,US,United States,America/New_York
UIN,Quincy,US,United States,America/Chicago
KWN,Quinhagak,US,United States,America/Anchorage
RAC,Racine,US,United States,America/Chicago
RDU,Raleigh-durham,US,United States,America/New_York
RAP,Rapid City,US,United States,America/Denver
RCA,Rapid City,US,United States,America/Denver
RWL,Rawlins,US,United States,America/Denver
RDG,Reading,US,United States,America/New_York
RBL,Red Bluff,US,United States,America/Los_Angeles
RDR,Red River,US,United States,America/Chicago
RDD,Redding,US,United States,America/Los_Angeles
RDM,Redmond-Bend,US,United States,America/Los_Angeles
HUA,Redstone,US,United States,America/Chicago
RNO,Reno,US,United States,America/Los_Angeles
RNT,Renton,US,United States,America/Los_Angeles
RHI,Rhinelander,US,United States,America/Chicago
RIC,Richmond,US,United States,America/New_York
CGF,Richmond Heights,US,United States,America/New_York
RIL,Rifle,US,United States,America/Denver
RAL,Riverside,US,United States,America/Los_Angeles
RIV,Riverside,US,United States,America/Los_Angeles
RIW,Riverton WY,US,United States,America/Denver
ROA,Roanoke VA,US,United States,America/New_York
ROC,Rochester,US,United States,America/New_York
RST,Rochester,US,United States,America/Chicago
RKH,Rock Hill,US,United States,America/New_York
RKS,Rock Springs,US,United States,America/Denver
RFD,Rockford,US,United States,America/Chicago
RKD,Rockland,US,United States,America/New_York
RKP,Rockport,US,United States,America/Chicago
RWI,Rocky Mount,US,United States,America/New_York
RME,Rome,US,United States,America/New_York
RMG,Rome,US,United States,America/New_York
STJ,Rosecrans,US,United States,America/Chicago
ROW,Roswell,US,United States,America/Denver
RBY,Ruby,US,United States,America/Anchorage
RUI,Ruidoso,US,United States,America/Denver
RSH,Russian Mission,US,United States,America/Anchorage
RUT,Rutland,US,United States,America/New_York
SAA,SARATOGA,US,United States,America/Denver
MCC,Sacramento,US,United States,America/Los_Angeles
MHR,Sacramento,US,United States,America/Los_Angeles
SAC,Sacramento,US,United States,America/Los_Angeles
SMF,Sacramento,US,United States,America/Los_Angeles
SAD,Safford,US,United States,America/Phoenix
MBS,Saginaw,US,United States,America/New_York
STC,Saint Cloud,US,United States,America/Chicago
SGU,Saint George,US,United States,America/Denver
SLE,Salem,US,United States,America/Los_Angeles
SLN,Salina,US,United States,America/Chicago
SBY,Salisbury,US,United States,America/New_York
SMN,Salmon,US,United States,America/Denver
SLC,Salt Lake City,US,United States,America/Denver
SJT,San Angelo,US,United States,America/Chicago
RND,San Antonio,US,United States,America/Chicago
SAT,San Antonio,US,United States,America/Chicago
SKF,San Antonio,US,United States,America/Chicago
SBD,San Bernardino,US,United States,America/Los_Angeles
SQL,San Carlos,US,United States,America/Los_Angeles
NZY,San Diego,US,United States,America/Los_Angeles
SAN,San Diego,US,United States,America/Los_Angeles
SDM,San Diego,US,United States,America/Los_Angeles
SFO,San Francisco,US,United States,America/Los_Angeles
SJC,San Jose,US,United States,America/Los_Angeles
SBP,San Luis Obispo,US,United States,America/Los_Angeles
SDP,Sand Point,US,United States,America/Anchorage
SKY,Sandusky,US,United States,America/New_York
SFB,Sanford,US,United States,America/New_York
NZJ,Santa Ana,US,United States,America/Los_Angeles
SNA,Santa Ana,US,United States,America/Los_Angeles
SBA,Santa Barbara,US,United States,America/Los_Angeles
SAF,Santa Fe,US,United States,America/Denver
SMX,Santa Maria,US,United States,America/Los_Angeles
SMO,Santa Monica,US,United States,America/Los_Angeles
STS,Santa Rosa,US,United States,America/Los_Angeles
SLK,Saranac Lake,US,United States,America/New_York
SRQ,Sarasota,US,United States,America/New_York
CIU,Sault Ste Marie,US,United States,America/New_York
SAV,Savannah,US,United States,America/New_York
SVA,Savoonga,US,United States,America/Anchorage
SCM,Scammon Bay,US,United States,America/Anchorage
SCH,Scotia NY,US,United States,America/New_York
BFF,Scottsbluff,US,United States,America/Denver
SCF,Scottsdale,US,United States,America/Phoenix
AVP,Scranton,US,United States,America/New_York
BFI,Seattle,US,United States,America/Los_Angeles
SEA,Seattle,US,United States,America/Los_Angeles
SEF,Sebring,US,United States,America/New_York
SDX,Sedona,US,United States,America/Phoenix
WLK,Selawik,US,United States,America/Anchorage
SEM,Selma,US,United States,America/Chicago
UOS,Sewanee,US,United States,America/Chicago
SWD,Seward,US,United States,America/Anchorage
SHX,Shageluk,US,United States,America/Anchorage
SKK,Shaktoolik,US,United States,America/Anchorage
SBM,Sheboygan,US,United States,America/Chicago
SHN,Shelton,US,United States,America/Los_Angeles
SYA,Shemya,US,United States,America/Adak
SHR,Sheridan,US,United States,America/Denver
SHH,Shishmaref,US,United States,America/Anchorage
SOW,Show Low,US,United States,America/Phoenix
BAD,Shreveport,US,United States,America/Chicago
DTN,Shreveport,US,United States,America/Chicago
SHV,Shreveport,US,United States,America/Chicago
SHG,Shungnak,US,United States,America/Anchorage
SDY,Sidney,US,United States,America/Denver
SNY,Sidney,US,United States,America/Denver
SIK,Sikeston,US,United States,America/Chicago
SUX,Sioux City,US,United States,America/Chicago
FSD,Sioux Falls,US,United States,America/Chicago
SIT,Sitka,US,United States,America/Anchorage
SGY,Skagway,US,United States,America/Anchorage
SLQ,Sleetmute,US,United States,America/Anchorage
SFZ,Smithfield,US,United States,America/New_York
MQY,Smyrna,US,United States,America/Chicago
SXQ,Soldotna,US,United States,America/Anchorage
SME,Somerset,US,United States,America/New_York
SBN,South Bend,US,United States,America/New_York
TVL,South Lake Tahoe,US,United States,America/Los_Angeles
WSN,South Naknek,US,United States,America/Anchorage
SVW,Sparrevohn,US,United States,America/Anchorage
SPF,Spearfish-South Dakota,US,United States,America/Denver
SPW,Spencer,US,United States,America/Chicago
GEG,Spokane,US,United States,America/Los_Angeles
SFF,Spokane,US,United States,America/Los_Angeles
SKA,Spokane,US,United States,America/Los_Angeles
SGF,Springfield,US,United States,America/Chicago
SGH,Springfield,US,United States,America/New_York
SPI,Springfield,US,United States,America/Chicago
KSM,St Mary's,US,United States,America/Anchorage
UST,St. Augustine Airport,US,United States,America/New_York
STL,St. Louis,US,United States,America/Chicago
SMK,St. Michael,US,United States,America/Anchorage
STP,St. Paul,US,United States,America/Chicago
SNP,St. Paul Island,US,United States,America/Anchorage
PIE,St. Petersburg,US,United States,America/New_York
SPG,St. Petersburg,US,United States,America/New_York
SCE,State College Pennsylvania,US,United States,America/New_York
SVH,Statesville,US,United States,America/New_York
SBS,Steamboat Springs,US,United States,America/Denver
SEP,Stephenville,US,United States,America/Chicago
STK,Sterling,US,United States,America/Denver
STE,Stevens Point,US,United States,America/Chicago
SWO,Stillwater,US,United States,America/Chicago
SCK,Stockton,US,United States,America/Los_Angeles
BDR,Stratford,US,United States,America/New_York
SUA,Stuart,US,United States,America/New_York
SGR,Sugar Land,US,United States,America/Chicago
SSC,Sumter,US,United States,America/New_York
SYR,Syracuse,US,United States,America/New_York
TCM,Tacoma,US,United States,America/Los_Angeles
TIW,Tacoma,US,United States,America/Los_Angeles
TKA,Talkeetna,US,United States,America/Anchorage
TLH,Tallahassee,US,United States,America/New_York
MCF,Tampa,US,United States,America/New_York
TPA,Tampa,US,United States,America/New_York
TLJ,Tatalina,US,United States,America/Anchorage
TLA,Teller,US,United States,America/Anchorage
TEX,Telluride,US,United States,America/Denver
TPL,Temple,US,United States,America/Chicago
HUF,Terre Haute,US,United States,America/New_York
TEB,Teterboro,US,United States,America/New_York
TXK,Texarkana,US,United States,America/Chicago
DLS,The Dalles,US,United States,America/Los_Angeles
TVF,Thief River Falls,US,United States,America/Chicago
TVI,Thomasville,US,United States,America/New_York
TMA,Tifton,US,United States,America/New_York
OTK,Tillamook,US,United States,America/Los_Angeles
TNC,Tin City,US,United States,America/Anchorage
TIX,Titusville,US,United States,America/New_York
TOC,Toccoa,US,United States,America/New_York
TOG,Togiak Village,US,United States,America/Anchorage
TKJ,Tok,US,United States,America/Anchorage
OOK,Toksook Bay,US,United States,America/Anchorage
TOL,Toledo,US,United States,America/New_York
XSD,Tonopah,US,United States,America/Los_Angeles
FOE,Topeka,US,United States,America/Chicago
TOP,Topeka,US,United States,America/Chicago
TOA,Torrance,US,United States,America/Los_Angeles
TVC,Traverse City,US,United States,America/New_York
TTN,Trenton,US,United States,America/New_York
TTD,Troutdale,US,United States,America/Los_Angeles
TKF,Truckee,US,United States,America/Los_Angeles
TCS,Truth Or Consequences,US,United States,America/Denver
AVW,Tucson,US,United States,America/Phoenix
DMA,Tucson,US,United States,America/Phoenix
TUS,Tucson,US,United States,America/Phoenix
TCC,Tucumcari,US,United States,America/Denver
RVS,Tulsa,US,United States,America/Chicago
TUL,Tulsa,US,United States,America/Chicago
UTM,Tunica,US,United States,America/Chicago
TUP,Tupelo,US,United States,America/Chicago
TCL,Tuscaloosa AL,US,United States,America/Chicago
TWF,Twin Falls,US,United States,America/Denver
TYR,Tyler,US,United States,America/Chicago
UNK,Unalakleet,US,United States,America/Anchorage
DUT,Unalaska,US,United States,America/Anchorage
UVA,Uvalde,US,United States,America/Chicago
EGE,Vail,US,United States,America/Denver
VDZ,Valdez,US,United States,America/Anchorage
VAD,Valdosta,US,United States,America/New_York
VLD,Valdosta,US,United States,America/New_York
VPS,Valparaiso,US,United States,America/Chicago
VNY,Van Nuys,US,United States,America/Los_Angeles
VEE,Venetie,US,United States,America/Anchorage
VNC,Venice,US,United States,America/New_York
VEL,Vernal,US,United States,America/Denver
VRB,Vero Beach,US,United States,America/New_York
VCT,Victoria,US,United States,America/Chicago
VCV,Victorville,US,United States,America/Los_Angeles
MVY,Vineyard Haven MA,US,United States,America/New_York
VIS,Visalia,US,United States,America/Los_Angeles
ACT,Waco,US,United States,America/Chicago
CNW,Waco,US,United States,America/Chicago
HHI,Wahiawa,US,United States,Pacific/Honolulu
WKL,Waikoloa Village,US,United States,Pacific/Honolulu
AIN,Wainwright,US,United States,America/Anchorage
WAA,Wales,US,United States,America/Anchorage
ALW,Walla Walla,US,United States,America/Los_Angeles
WAL,Wallops Island,US,United States,America/New_York
DCA,Washington,US,United States,America/New_York
IAD,Washington,US,United States,America/New_York
OCW,Washington,US,United States,America/New_York
WST,Washington County,US,United States,America/New_York
CWA,Wassau,US,United States,America/Chicago
ALO,Waterloo,US,United States,America/Chicago
ART,Watertown,US,United States,America/New_York
ATY,Watertown,US,United States,America/Chicago
AUW,Wausau,US,United States,America/Chicago
EAT,Wenatchee,US,United States,America/Los_Angeles
ENV,Wendover,US,United States,America/Denver
DPA,West Chicago,US,United States,America/Chicago
FOK,West Hampton Beach,US,United States,America/New_York
LNA,West Palm Beach,US,United States,America/New_York
PBI,West Palm Beach,US,United States,America/New_York
WYS,West Yellowstone,US,United States,America/Denver
BAF,Westfield,US,United States,America/New_York
SHD,Weyers Cave,US,United States,America/New_York
HLG,Wheeling,US,United States,America/New_York
NUW,Whidbey Island,US,United States,America/Los_Angeles
WMO,White Mountain,US,United States,America/Anchorage
HPN,White Plains,US,United States,America/New_York
WSD,White Sands,US,United States,America/Denver
BEC,Wichita,US,United States,America/Chicago
IAB,Wichita,US,United States,America/Chicago
ICT,Wichita,US,United States,America/Chicago
SPS,Wichita Falls,US,United States,America/Chicago
WWD,Wildwood,US,United States,America/New_York
WBW,Wilkes-Barre,US,United States,America/New_York
IPT,Williamsport,US,United States,America/New_York
ISN,Williston,US,United States,America/Chicago
LNN,Willoughby,US,United States,America/New_York
NXX,Willow Grove,US,United States,America/New_York
ILG,Wilmington,US,United States,America/New_York
ILM,Wilmington,US,United States,America/New_York
ILN,Wilmington,US,United States,America/New_York
WDR,Winder,US,United States,America/New_York
BDL,Windsor Locks,US,United States,America/New_York
WLD,Winfield,US,United States,America/Chicago
INK,Wink,US,United States,America/Chicago
INW,Winslow,US,United States,America/Phoenix
INT,Winston-salem,US,United States,America/New_York
GIF,Winter Haven,US,United States,America/New_York
ISW,Wisconsin Rapids,US,United States,America/Chicago
OLF,Wolf Point,US,United States,America/Denver
ORH,Worcester,US,United States,America/New_York
WRL,Worland,US,United States,America/Denver
WRG,Wrangell,US,United States,America/Anchorage
LIY,Wright,US,United States,America/New_York
WRI,Wrightstown,US,United States,America/New_York
CYT,Yakataga,US,United States,America/Anchorage
YKM,Yakima,US,United States,America/Los_Angeles
YAK,Yakutat,US,United States,America/Anchorage
YKN,Yankton,US,United States,America/Chicago
YNG,Youngstown,US,United States,America/New_York
MYV,Yuba City,US,United States,America/Los_Angeles
YUM,Yuma,US,United States,America/Phoenix
ZPH,Zephyrhills,US,United States,America/New_York
JON,Johnston Island,UM,United States Minor Outlying Islands,Pacific/Johnston
MDY,Midway,UM,United States Minor Outlying Islands,Pacific/Midway
AWK,Wake island,UM,United States Minor Outlying Islands,Pacific/Johnston
SPB,Charlotte Amalie,VI,United States Virgin Islands,America/St_Thomas
STX,St. Croix Island,VI,United States Virgin Islands,America/St_Thomas
STT,St. Thomas,VI,United States Virgin Islands,America/St_Thomas
CYR,Colonia,UY,Uruguay,America/Montevideo
DZO,Durazno,UY,Uruguay,America/Montevideo
MVD,Montevideo,UY,Uruguay,America/Montevideo
PDP,Punta del Este,UY,Uruguay,America/Montevideo
RVY,Rivera,UY,Uruguay,America/Montevideo
STY,Salto,UY,Uruguay,America/Montevideo
AZN,Andizhan,UZ,Uzbekistan,Asia/Samarkand
BHK,Bukhara,UZ,Uzbekistan,Asia/Samarkand
FEG,Fergana,UZ,Uzbekistan,Asia/Samarkand
KSQ,Khanabad,UZ,Uzbekistan,Asia/Samarkand
NMA,Namangan,UZ,Uzbekistan,Asia/Samarkand
NVI,Navoi,UZ,Uzbekistan,Asia/Samarkand
NCU,Nukus,UZ,Uzbekistan,Asia/Samarkand
SKD,Samarkand,UZ,Uzbekistan,Asia/Samarkand
TAS,Tashkent,UZ,Uzbekistan,Asia/Samarkand
TMJ,Termez,UZ,Uzbekistan,Asia/Samarkand
UGC,Urgench,UZ,Uzbekistan,Asia/Samarkand
AFS,Zarafshan,UZ,Uzbekistan,Asia/Samarkand
MTV,Ablow,VU,Vanuatu,Pacific/Efate
ULB,Ambryn Island,VU,Vanuatu,Pacific/Efate
AUY,Anelghowhat,VU,Vanuatu,Pacific/Efate
AWD,Aniwa,VU,Vanuatu,Pacific/Efate
CCV,Craig Cove,VU,Vanuatu,Pacific/Efate
DLY,Dillon's Bay,VU,Vanuatu,Pacific/Efate
FTA,Futuna Island,VU,Vanuatu,Pacific/Efate
ZGU,Gaua Island,VU,Vanuatu,Pacific/Efate
IPA,Ipota,VU,Vanuatu,Pacific/Efate
LPM,Lamap,VU,Vanuatu,Pacific/Efate
LNB,Lamen Bay,VU,Vanuatu,Pacific/Efate
TOH,Loh/Linua,VU,Vanuatu,Pacific/Efate
LOD,Longana,VU,Vanuatu,Pacific/Efate
LNE,Lonorore,VU,Vanuatu,Pacific/Efate
MWF,Maewo Island,VU,Vanuatu,Pacific/Efate
SWJ,Malekula Island,VU,Vanuatu,Pacific/Efate
NUS,Norsup,VU,Vanuatu,Pacific/Efate
OLJ,Olpoi,VU,Vanuatu,Pacific/Efate
PBJ,Paama Island,VU,Vanuatu,Pacific/Efate
SSR,Pentecost Island,VU,Vanuatu,Pacific/Efate
VLI,Port-vila,VU,Vanuatu,Pacific/Efate
RCL,Redcliffe,VU,Vanuatu,Pacific/Efate
EAE,Sangafa,VU,Vanuatu,Pacific/Efate
SON,Santo,VU,Vanuatu,Pacific/Efate
SLH,Sola,VU,Vanuatu,Pacific/Efate
TAH,Tanna,VU,Vanuatu,Pacific/Efate
TGH,Tongoa Island,VU,Vanuatu,Pacific/Efate
VLS,Valesdir,VU,Vanuatu,Pacific/Efate
WLH,Walaha,VU,Vanuatu,Pacific/Efate
AGV,Acarigua,VE,Venezuela,America/Caracas
AAO,Anaco,VE,Venezuela,America/Caracas
BLA,Barcelona,VE,Venezuela,America/Caracas
BNS,Barinas,VE,Venezuela,America/Caracas
BRM,Barquisimeto,VE,Venezuela,America/Caracas
CXA,Caicara De Orinoco,VE,Venezuela,America/Caracas
CLZ,Calabozo,VE,Venezuela,America/Caracas
CAJ,Canaima,VE,Venezuela,America/Caracas
CCS,Caracas,VE,Venezuela,America/Caracas
VCR,Carora,VE,Venezuela,America/Caracas
CUP,Carupano,VE,Venezuela,America/Caracas
CBL,Ciudad Bolivar,VE,Venezuela,America/Caracas
CZE,Coro,VE,Venezuela,America/Caracas
CUM,Cumana,VE,Venezuela,America/Caracas
EOR,El Dorado,VE,Venezuela,America/Caracas
VIG,El Vigía,VE,Venezuela,America/Caracas
EOZ,Elorza,VE,Venezuela,America/Caracas
GUQ,Guanare,VE,Venezuela,America/Caracas
GDO,Guasdualito,VE,Venezuela,America/Caracas
PZO,Guayana,VE,Venezuela,America/Caracas
GUI,Guiria,VE,Venezuela,America/Caracas
HGE,Higuerote,VE,Venezuela,America/Caracas
ICC,Isla De Coche,VE,Venezuela,America/Caracas
LFR,La Fria,VE,Venezuela,America/Caracas
LRV,Los Roques,VE,Venezuela,America/Caracas
MAR,Maracaibo,VE,Venezuela,America/Caracas
MYC,Maracay,VE,Venezuela,America/Caracas
MUN,Maturin,VE,Venezuela,America/Caracas
MRD,Merida,VE,Venezuela,America/Caracas
PTM,Palmarito,VE,Venezuela,America/Caracas
LSP,Paraguana,VE,Venezuela,America/Caracas
PMV,Porlamar,VE,Venezuela,America/Caracas
PYH,Puerto Ayacucho,VE,Venezuela,America/Caracas
PBL,Puerto Cabello,VE,Venezuela,America/Caracas
SVZ,San Antonio,VE,Venezuela,America/Caracas
SCI,San Cristobal,VE,Venezuela,America/Caracas
SNF,San Felipe,VE,Venezuela,America/Caracas
SFD,San Fernando De Apure,VE,Venezuela,America/Caracas
SOM,San Tome,VE,Venezuela,America/Caracas
SNV,Santa Ana De Uairen,VE,Venezuela,America/Caracas
SBB,Santa Barbara,VE,Venezuela,America/Caracas
STB,Santa Barbara,VE,Venezuela,America/Caracas
STD,Santo Domingo,VE,Venezuela,America/Caracas
TUV,Tucupita,VE,Venezuela,America/Caracas
TMO,Tumeremo,VE,Venezuela,America/Caracas
VLN,Valencia,VE,Venezuela,America/Caracas
VLV,Valera,VE,Venezuela,America/Caracas
VDP,Valle De La Pascua,VE,Venezuela,America/Caracas
BMV,Buonmethuot,VN,Vietnam,Asia/Ho_Chi_Minh
CAH,Ca Mau,VN,Vietnam,Asia/Ho_Chi_Minh
VCA,Can Tho,VN,Vietnam,Asia/Ho_Chi_Minh
VCL,Chu Lai,VN,Vietnam,Asia/Ho_Chi_Minh
VCS,Conson,VN,Vietnam,Asia/Ho_Chi_Minh
DLI,Dalat,VN,Vietnam,Asia/Ho_Chi_Minh
DAD,Danang,VN,Vietnam,Asia/Ho_Chi_Minh
DIN,Dienbienphu,VN,Vietnam,Asia/Ho_Chi_Minh
VDH,Dong Hoi,VN,Vietnam,Asia/Ho_Chi_Minh
HPH,Haiphong,VN,Vietnam,Asia/Ho_Chi_Minh
HAN,Hanoi,VN,Vietnam,Asia/Ho_Chi_Minh
SGN,Ho Chi Minh City,VN,Vietnam,Asia/Ho_Chi_Minh
HUI,Hue,VN,Vietnam,Asia/Ho_Chi_Minh
CXR,Nha Trang,VN,Vietnam,Asia/Ho_Chi_Minh
NHA,Nhatrang,VN,Vietnam,Asia/Ho_Chi_Minh
PHA,Phan Rang,VN,Vietnam,Asia/Ho_Chi_Minh
UIH,Phucat,VN,Vietnam,Asia/Ho_Chi_Minh
PQC,Phuquoc,VN,Vietnam,Asia/Ho_Chi_Minh
PXU,Pleiku,VN,Vietnam,Asia/Ho_Chi_Minh
VKG,Rach Gia,VN,Vietnam,Asia/Ho_Chi_Minh
SQH,Son-La,VN,Vietnam,Asia/Ho_Chi_Minh
TBB,Tuy Hoa,VN,Vietnam,Asia/Ho_Chi_Minh
VII,Vinh,VN,Vietnam,Asia/Ho_Chi_Minh
FUT,Futuna Island,WF,Wallis and Futuna,Pacific/Wallis
WLS,Wallis,WF,Wallis and Futuna,Pacific/Wallis
VIL,Dakhla,EH,Western Sahara,Africa/El_Aaiun
EUN,El Aaiún,EH,Western Sahara,Africa/El_Aaiun
SMW,Smara,EH,Western Sahara,Africa/El_Aaiun
ADE,Aden,YE,Yemen,Asia/Aden
AAY,Al Ghaidah Intl,YE,Yemen,Asia/Aden
AXK,Ataq,YE,Yemen,Asia/Aden
BHN,Beihan,YE,Yemen,Asia/Aden
HOD,Hodeidah,YE,Yemen,Asia/Aden
RIY,Mukalla,YE,Yemen,Asia/Aden
SAH,Sanaa,YE,Yemen,Asia/Aden
GXF,Sayun Intl,YE,Yemen,Asia/Aden
SCT,Socotra,YE,Yemen,Asia/Aden
TAI,Taiz,YE,Yemen,Asia/Aden
CIP,Chipata,ZM,Zambia,Africa/Lusaka
ZKB,Kasaba Bay,ZM,Zambia,Africa/Lusaka
KAA,Kasama,ZM,Zambia,Africa/Lusaka
CGJ,Kasompe,ZM,Zambia,Africa/Lusaka
LVI,Livingstone,ZM,Zambia,Africa/Lusaka
LUN,Lusaka,ZM,Zambia,Africa/Lusaka
MFU,Mfuwe,ZM,Zambia,Africa/Lusaka
MNR,Mongu,ZM,Zambia,Africa/Lusaka
NLA,Ndola,ZM,Zambia,Africa/Lusaka
KIW,Southdowns,ZM,Zambia,Africa/Lusaka
BUQ,Bulawayo,ZW,Zimbabwe,Africa/Harare
BZH,Bumi Hills,ZW,Zimbabwe,Africa/Harare
BFO,Chiredzi,ZW,Zimbabwe,Africa/Harare
GWE,Gwert,ZW,Zimbabwe,Africa/Harare
HRE,Harare,ZW,Zimbabwe,Africa/Harare
HWN,Hwange National Park,ZW,Zimbabwe,Africa/Harare
KAB,Kariba,ZW,Zimbabwe,Africa/Harare
MVZ,Masvingo,ZW,Zimbabwe,Africa/Harare
UTA,Mutare,ZW,Zimbabwe,Africa/Harare
VFA,Victoria Falls,ZW,Zimbabwe,Africa/Harare
